,Date,Open,High,Low,Close,Adj Close,Volume
0,2015-01-02,26.378078,26.49077,26.133251,26.168653,26.168653,28951268
1,2015-01-05,26.091366,26.14472,25.582764,25.623152,25.623152,41196796
2,2015-01-06,25.679497,25.738087,24.983908,25.029282,25.029282,57998800
3,2015-01-07,25.280592,25.292759,24.914099,24.986401,24.986401,41301082
4,2015-01-08,24.831326,25.105074,24.482782,25.065184,25.065184,67071641
5,2015-01-09,25.1689,25.176876,24.671764,24.740576,24.740576,41427428
6,2015-01-12,24.679243,24.730902,24.311253,24.56007,24.56007,46535413
7,2015-01-13,24.873709,25.080141,24.552092,24.741074,24.741074,47409807
8,2015-01-14,24.664783,25.092607,24.582508,24.974932,24.974932,44714427
9,2015-01-15,25.209288,25.214773,24.819857,25.020805,25.020805,54316718
10,2015-01-16,24.932049,25.33993,24.931549,25.334444,25.334444,45965854
11,2015-01-20,25.480045,25.554838,25.231527,25.275606,25.275606,44640224
12,2015-01-21,25.293058,25.892912,25.240702,25.831081,25.831081,45374234
13,2015-01-22,26.002609,26.743076,25.913855,26.646341,26.646341,53538588
14,2015-01-23,26.706179,27.034277,26.577032,26.92358,26.92358,45634948
15,2015-01-26,26.852776,26.876211,26.41099,26.687229,26.687229,30874534
16,2015-01-27,26.425947,26.462349,25.83856,25.8605,25.8605,38080263
17,2015-01-28,26.067432,26.077904,25.430182,25.430182,25.430182,33676205
18,2015-01-29,25.480045,25.484531,24.991386,25.463091,25.463091,83727244
19,2015-01-30,25.72238,26.919592,25.705425,26.652824,26.652824,112127002
20,2015-02-02,26.513706,26.577032,25.85651,26.351652,26.351652,56996054
21,2015-02-03,26.327717,26.596977,26.091366,26.389547,26.389547,40773638
22,2015-02-04,26.389547,26.560678,25.99214,26.066435,26.066435,33273101
23,2015-02-05,26.117794,26.35265,26.033026,26.306774,26.306774,36995292
24,2015-02-06,26.309767,26.786457,26.248434,26.477306,26.477306,35270570
25,2015-02-09,26.327717,26.52717,26.228989,26.319241,26.319241,25355423
26,2015-02-10,26.392538,26.81139,26.273865,26.773493,26.773493,34997823
27,2015-02-11,26.691717,26.848787,26.595881,26.725126,26.725126,27555446
28,2015-02-12,26.788952,27.166414,26.660454,27.072172,27.072172,32404724
29,2015-02-13,27.093117,27.420218,27.082146,27.375341,27.375341,38006060
30,2015-02-17,27.26664,27.424706,26.980425,27.067686,27.067686,32336537
31,2015-02-18,26.995884,27.199823,26.801914,26.911116,26.911116,29061570
32,2015-02-19,26.828342,27.081148,26.826847,27.069181,27.069181,19782163
33,2015-02-20,27.082146,27.113062,26.716648,26.873718,26.873718,28887092
34,2015-02-23,26.729115,26.748512,26.398024,26.522682,26.522682,29157834
35,2015-02-24,26.427443,26.766014,26.340183,26.73111,26.73111,20101036
36,2015-02-25,26.721636,27.236223,26.698948,27.119045,27.119045,36519991
37,2015-02-26,27.086136,27.730865,27.00087,27.697954,27.697954,46230579
38,2015-02-27,27.636126,28.158192,27.569307,27.843555,27.843555,48203982
39,2015-03-02,27.949764,28.529173,27.861008,28.488785,28.488785,42592618
40,2015-03-03,28.444407,28.690729,28.248444,28.60347,28.60347,34095352
41,2015-03-04,28.515211,28.776493,28.322741,28.590006,28.590006,37536775
42,2015-03-05,28.672279,28.816385,28.592001,28.687738,28.687738,27792094
43,2015-03-06,28.665298,28.755053,28.26041,28.306534,28.306534,33182854
44,2015-03-09,28.265396,28.435431,28.099604,28.364626,28.364626,21242161
45,2015-03-10,28.135256,28.165173,27.660559,27.67452,27.67452,35846146
46,2015-03-11,27.681002,27.830591,27.458612,27.483543,27.483543,36415706
47,2015-03-12,27.599726,27.742332,27.447641,27.699451,27.699451,27792094
48,2015-03-13,27.599226,27.843555,27.136497,27.291073,27.291073,34071287
49,2015-03-16,27.472075,27.766268,27.225252,27.649588,27.649588,32819860
50,2015-03-17,27.509972,27.614185,27.32498,27.466591,27.466591,36110871
51,2015-03-18,27.549362,27.912367,27.275116,27.898405,27.898405,42690887
52,2015-03-19,27.89292,27.963226,27.731113,27.823112,27.823112,23945563
53,2015-03-20,28.005611,28.009102,27.875967,27.941286,27.941286,52337299
54,2015-03-23,27.944778,28.041014,27.715406,27.863998,27.863998,32876014
55,2015-03-24,28.050985,28.650839,27.983671,28.43144,28.43144,51665459
56,2015-03-25,28.446899,28.534658,27.86051,27.862753,27.862753,43045859
57,2015-03-26,27.803165,27.868486,27.457115,27.682499,27.682499,31452115
58,2015-03-27,27.574295,27.687983,27.331461,27.341932,27.341932,37949906
59,2015-03-30,27.505484,27.597731,27.333456,27.525928,27.525928,25750504
60,2015-03-31,27.424706,27.659561,27.261154,27.32498,27.32498,31760961
61,2015-04-01,27.354897,27.481548,26.901142,27.053724,27.053724,39261497
62,2015-04-02,26.968458,26.968458,26.619267,26.703186,26.703186,34327989
63,2015-04-06,26.538139,26.846792,26.406002,26.764767,26.764767,26488525
64,2015-04-07,26.830338,27.060205,26.726622,26.777481,26.777481,26057345
65,2015-04-08,26.845297,27.118048,26.845297,27.006353,27.006353,23570536
66,2015-04-09,26.977432,27.023308,26.701193,26.964968,26.964968,31157308
67,2015-04-10,27.04026,27.04026,26.791943,26.926573,26.926573,28189181
68,2015-04-13,26.846792,27.128519,26.791943,26.884687,26.884687,32906096
69,2015-04-14,26.739088,26.804907,26.332306,26.44689,26.44689,52082601
70,2015-04-15,26.362621,26.663296,26.089373,26.553596,26.553596,46376979
71,2015-04-16,26.422457,26.706179,26.407997,26.616922,26.616922,25997180
72,2015-04-17,26.360626,26.419464,25.979174,26.130758,26.130758,43037837
73,2015-04-20,26.208046,26.73111,26.153196,26.695707,26.695707,33585958
74,2015-04-21,26.801914,26.895658,26.610689,26.625401,26.625401,36895018
75,2015-04-22,26.646841,26.979927,26.514704,26.894411,26.894411,31871263
76,2015-04-23,26.975939,27.472574,26.937544,27.275116,27.275116,83697161
77,2015-04-24,28.227501,28.478811,27.786213,28.175644,28.175644,98650102
78,2015-04-27,28.1695,28.297501,27.66,27.768499,27.768499,47960000
79,2015-04-28,27.732,27.801001,27.518299,27.684,27.684,29820000
80,2015-04-29,27.5235,27.684,27.345249,27.454,27.454,33976000
81,2015-04-30,27.393499,27.429501,26.752501,26.867001,26.867001,41644000
82,2015-05-01,26.921499,26.976999,26.605,26.895,26.895,35364000
83,2015-05-04,26.9265,27.203501,26.753,27.039,27.039,26160000
84,2015-05-05,26.9105,26.987,26.51955,26.540001,26.540001,27662000
85,2015-05-06,26.562,26.618999,26.054251,26.211,26.211,31340000
86,2015-05-07,26.199499,26.673,26.0875,26.535,26.535,30926000
87,2015-05-08,26.8325,27.057501,26.25,26.910999,26.910999,30552000
88,2015-05-11,26.918501,27.099001,26.77,26.785,26.785,18106000
89,2015-05-12,26.58,26.66045,26.263,26.452,26.452,32684000
90,2015-05-13,26.528,26.716101,26.432751,26.481001,26.481001,25046000
91,2015-05-14,26.688499,26.950001,26.620501,26.92,26.92,28078000
92,2015-05-15,26.959,26.963699,26.518999,26.692499,26.692499,39426000
93,2015-05-18,26.6005,26.740999,26.442499,26.615,26.615,40068000
94,2015-05-19,26.698999,27.033001,26.652,26.868,26.868,39338000
95,2015-05-20,26.9245,27.146,26.6486,26.963499,26.963499,28616000
96,2015-05-21,26.897499,27.191999,26.799,27.1255,27.1255,29254000
97,2015-05-22,27.0075,27.209499,26.9755,27.005501,27.005501,23524000
98,2015-05-26,26.906,26.950001,26.493999,26.615999,26.615999,48130000
99,2015-05-27,26.639999,27.0275,26.585501,26.9895,26.9895,30500000
100,2015-05-28,26.900499,27.0305,26.8125,26.989,26.989,20596000
101,2015-05-29,26.8685,26.931499,26.5725,26.605499,26.605499,51948000
102,2015-06-01,26.8395,26.8395,26.488001,26.699499,26.699499,38086000
103,2015-06-02,26.6465,27.15,26.5665,26.959,26.959,38780000
104,2015-06-03,26.995501,27.174999,26.855499,27.015499,27.015499,34340000
105,2015-06-04,26.888,27.029499,26.716,26.834999,26.834999,26966000
106,2015-06-05,26.817499,26.860001,26.625999,26.6665,26.6665,27764000
107,2015-06-08,26.665501,26.705999,26.312,26.341499,26.341499,30412000
108,2015-06-09,26.378,26.459999,26.150499,26.334499,26.334499,29106000
109,2015-06-10,26.468,26.917999,26.467501,26.834499,26.834499,36300000
110,2015-06-11,26.921249,26.948999,26.650999,26.730499,26.730499,24350000
111,2015-06-12,26.58,26.656,26.507999,26.616501,26.616501,19116000
112,2015-06-15,26.4,26.415001,26.200001,26.360001,26.360001,32654000
113,2015-06-16,26.42,26.482,26.278,26.407499,26.407499,21436000
114,2015-06-17,26.4685,26.549,26.254999,26.462999,26.462999,25884000
115,2015-06-18,26.549999,26.907499,26.539499,26.8365,26.8365,36662000
116,2015-06-19,26.8605,26.9125,26.650499,26.834499,26.834499,37870000
117,2015-06-22,26.9795,27.187,26.876499,26.9095,26.9095,25006000
118,2015-06-23,26.982,27.074949,26.762501,27.024,27.024,23950000
119,2015-06-24,27.0,27.0,26.783001,26.892,26.892,25732000
120,2015-06-25,26.943501,27.045,26.761499,26.761499,26.761499,26714000
121,2015-06-26,26.863001,26.888,26.567499,26.584499,26.584499,42182000
122,2015-06-29,26.2505,26.4305,26.027,26.076,26.076,38756000
123,2015-06-30,26.301001,26.3125,26.025,26.025499,26.025499,44344000
124,2015-07-01,26.2365,26.2845,25.911501,26.091999,26.091999,39220000
125,2015-07-02,26.054001,26.2325,26.054001,26.17,26.17,24718000
126,2015-07-06,25.975,26.262501,25.950001,26.143,26.143,25610000
127,2015-07-07,26.1565,26.309,25.759001,26.250999,26.250999,31944000
128,2015-07-08,26.0525,26.1367,25.8055,25.841499,25.841499,25934000
129,2015-07-09,26.156,26.188499,26.0175,26.034,26.034,36846000
130,2015-07-10,26.314501,26.628,26.2775,26.5065,26.5065,39134000
131,2015-07-13,26.643999,27.355499,26.620001,27.327499,27.327499,44130000
132,2015-07-14,27.337999,28.29245,27.335501,28.055,28.055,64882000
133,2015-07-15,28.0065,28.32515,27.8395,28.011,28.011,35692000
134,2015-07-16,28.256001,29.034,28.25,28.9925,28.9925,95366000
135,2015-07-17,32.450001,33.7234,32.25,33.6465,33.6465,223298000
136,2015-07-20,32.962002,33.444,32.650501,33.151001,33.151001,117218000
137,2015-07-21,32.760502,33.650002,32.715,33.115002,33.115002,67544000
138,2015-07-22,33.044498,33.931999,32.950001,33.105,33.105,78586000
139,2015-07-23,33.063499,33.181499,32.049999,32.214001,32.214001,60582000
140,2015-07-24,32.349998,32.408501,31.125999,31.177999,31.177999,72514000
141,2015-07-27,31.049999,31.715,31.025,31.363001,31.363001,53508000
142,2015-07-28,31.6415,31.6415,31.165501,31.4,31.4,34546000
143,2015-07-29,31.440001,31.667999,31.1325,31.5965,31.5965,31502000
144,2015-07-30,31.5,31.761,31.102501,31.629499,31.629499,29484000
145,2015-07-31,31.569,31.6455,31.275,31.2805,31.2805,34122000
146,2015-08-03,31.267,31.6528,31.267,31.560499,31.560499,26090000
147,2015-08-04,31.421,31.740499,31.358,31.4625,31.4625,29818000
148,2015-08-05,31.716499,32.393002,31.658001,32.188999,32.188999,46686000
149,2015-08-06,32.25,32.268951,31.612499,32.133999,32.133999,31452000
150,2015-08-07,32.011501,32.133999,31.4855,31.764999,31.764999,28078000
151,2015-08-10,31.974001,32.172001,31.56245,31.686501,31.686501,36184000
152,2015-08-11,33.459999,33.744999,32.713501,33.039001,33.039001,100584000
153,2015-08-12,33.153999,33.25,32.614498,32.978001,32.978001,58734000
154,2015-08-13,32.966099,33.224998,32.58305,32.822498,32.822498,36214000
155,2015-08-14,32.7505,32.992748,32.632999,32.855999,32.855999,21442000
156,2015-08-17,32.84,33.069,32.562,33.043499,33.043499,21034000
157,2015-08-18,33.095001,33.200001,32.673,32.806499,32.806499,29122000
158,2015-08-19,32.830002,33.349998,32.709499,33.044998,33.044998,42682000
159,2015-08-20,32.772999,33.149502,32.145,32.341499,32.341499,57106000
160,2015-08-21,31.989,32.002499,30.616501,30.624001,30.624001,85304000
161,2015-08-24,28.65,29.966499,28.252501,29.480499,29.480499,115406000
162,2015-08-25,30.745501,30.872499,29.0555,29.103001,29.103001,70760000
163,2015-08-26,30.5175,31.585501,29.952499,31.431,31.431,84718000
164,2015-08-27,31.969999,32.179501,31.1,31.880501,31.880501,69826000
165,2015-08-28,31.641001,31.844,31.228001,31.518999,31.518999,39574000
166,2015-08-31,31.377001,31.790001,30.884001,30.9125,30.9125,43534000
167,2015-09-01,30.118,30.643,29.705,29.8895,29.8895,74042000
168,2015-09-02,30.279499,30.716999,29.9855,30.716999,30.716999,51512000
169,2015-09-03,30.85,30.9855,30.14105,30.3125,30.3125,35192000
170,2015-09-04,30.0,30.1735,29.762501,30.035,30.035,41780000
171,2015-09-08,30.6245,30.8155,30.205999,30.733,30.733,45590000
172,2015-09-09,31.061001,31.326,30.48,30.636,30.636,34042000
173,2015-09-10,30.655001,31.208,30.571501,31.067499,31.067499,38106000
174,2015-09-11,30.987499,31.289,30.871,31.2885,31.2885,27470000
175,2015-09-14,31.285,31.292999,30.9715,31.162001,31.162001,34046000
176,2015-09-15,31.334999,31.934999,31.188999,31.757,31.757,41688000
177,2015-09-16,31.7735,31.897499,31.615999,31.799,31.799,25730000
178,2015-09-17,31.8895,32.544998,31.750999,32.145,32.145,45494000
179,2015-09-18,31.8395,32.0,31.351,31.4625,31.4625,102668000
180,2015-09-21,31.719999,31.824499,31.297001,31.771999,31.771999,35770000
181,2015-09-22,31.35,31.377501,30.7715,31.134501,31.134501,51258000
182,2015-09-23,31.102501,31.446501,31.0,31.118,31.118,29418000
183,2015-09-24,30.832001,31.365999,30.620001,31.290001,31.290001,44802000
184,2015-09-25,31.488501,31.488501,30.549999,30.598499,30.598499,43480000
185,2015-09-28,30.517,30.730249,29.469,29.744499,29.744499,62554000
186,2015-09-29,29.864,30.25,29.511,29.748501,29.748501,46190000
187,2015-09-30,30.164,30.438,30.036501,30.421,30.421,48268000
188,2015-10-01,30.418501,30.6045,29.9925,30.564501,30.564501,37352000
189,2015-10-02,30.360001,31.367001,30.1565,31.345501,31.345501,53696000
190,2015-10-05,31.6,32.150501,31.35,32.073502,32.073502,36072000
191,2015-10-06,31.941999,32.462502,31.8265,32.271999,32.271999,43326000
192,2015-10-07,32.462002,32.530449,31.6075,32.118,32.118,41854000
193,2015-10-08,32.068001,32.2225,31.278,31.958,31.958,43642000
194,2015-10-09,32.0,32.2995,31.7659,32.1805,32.1805,32974000
195,2015-10-12,32.1045,32.424999,31.9505,32.3335,32.3335,25504000
196,2015-10-13,32.157501,32.890598,32.157501,32.615002,32.615002,36154000
197,2015-10-14,32.6605,32.969501,32.442501,32.557999,32.557999,28310000
198,2015-10-15,32.733002,33.156502,32.723,33.087002,33.087002,37714000
199,2015-10-16,33.205502,33.248501,32.860001,33.110001,33.110001,32222000
200,2015-10-19,33.058998,33.341,32.979,33.305,33.305,29546000
201,2015-10-20,33.202,33.236,32.209751,32.514,32.514,49964000
202,2015-10-21,32.7075,32.793499,32.086498,32.130501,32.130501,35822000
203,2015-10-22,32.334999,32.889999,32.2005,32.5895,32.5895,81420000
204,2015-10-23,36.375,36.5,35.075001,35.099998,35.099998,133078000
205,2015-10-26,35.077499,35.9575,35.063,35.639,35.639,54332000
206,2015-10-27,35.368999,35.681,35.227501,35.4245,35.4245,44916000
207,2015-10-28,35.366501,35.648998,35.153999,35.647499,35.647499,43578000
208,2015-10-29,35.525002,35.912998,35.5005,35.846001,35.846001,29120000
209,2015-10-30,35.786499,35.900002,35.502499,35.540501,35.540501,38176000
210,2015-11-02,35.553001,36.081001,35.2925,36.0555,36.0555,37726000
211,2015-11-03,35.943001,36.232498,35.736,36.108002,36.108002,31308000
212,2015-11-04,36.099998,36.654999,36.095001,36.405499,36.405499,34134000
213,2015-11-05,36.473499,36.973999,36.473499,36.5625,36.5625,37232000
214,2015-11-06,36.575001,36.7705,36.350498,36.688,36.688,30232000
215,2015-11-09,36.509998,36.7355,35.9715,36.244499,36.244499,41396000
216,2015-11-10,36.220001,36.529499,35.924999,36.416,36.416,32160000
217,2015-11-11,36.623001,37.049999,36.511501,36.77,36.77,27328000
218,2015-11-12,36.549999,36.889999,36.432251,36.561501,36.561501,36744000
219,2015-11-13,36.4585,36.557499,35.836498,35.849998,35.849998,41510000
220,2015-11-16,35.779999,36.474499,35.566502,36.448002,36.448002,38118000
221,2015-11-17,36.4645,36.592251,36.151348,36.264999,36.264999,30218000
222,2015-11-18,36.379002,37.070499,36.349998,37.0,37.0,33686000
223,2015-11-19,36.937,37.099998,36.871498,36.920502,36.920502,26542000
224,2015-11-20,37.3265,37.896,37.150002,37.830002,37.830002,44246000
225,2015-11-23,37.872501,38.135399,37.591,37.799,37.799,28290000
226,2015-11-24,37.599998,37.76395,36.8815,37.414001,37.414001,46662000
227,2015-11-25,37.407001,37.599998,37.303001,37.407501,37.407501,22442000
228,2015-11-27,37.423,37.670502,37.3745,37.513,37.513,16770000
229,2015-11-30,37.440498,37.746498,37.063499,37.130001,37.130001,41952000
230,2015-12-01,37.355499,38.447498,37.334999,38.352001,38.352001,42692000
231,2015-12-02,38.445,38.797749,37.948002,38.118999,38.118999,44608000
232,2015-12-03,38.300499,38.449749,37.281502,37.626999,37.626999,51812000
233,2015-12-04,37.654999,38.4245,37.5,38.3405,38.3405,55146000
234,2015-12-07,38.3885,38.436501,37.754501,38.162498,38.162498,36246000
235,2015-12-08,37.894501,38.240002,37.709999,38.1185,38.1185,36590000
236,2015-12-09,37.9585,38.211498,36.850052,37.580502,37.580502,54000000
237,2015-12-10,37.642502,37.7925,37.191502,37.473,37.473,39768000
238,2015-12-11,37.057999,37.2855,36.837502,36.943501,36.943501,44488000
239,2015-12-14,37.0895,37.436501,36.2085,37.3885,37.3885,48250000
240,2015-12-15,37.650002,37.903999,37.150501,37.169998,37.169998,53324000
241,2015-12-16,37.5,38.029499,36.971748,37.904499,37.904499,39866000
242,2015-12-17,38.120998,38.133999,37.450001,37.4715,37.4715,31068000
243,2015-12-18,37.3255,37.706501,36.907501,36.9655,36.9655,62974000
244,2015-12-21,37.306499,37.5,37.0,37.3885,37.3885,30514000
245,2015-12-22,37.5825,37.7425,37.276501,37.5,37.5,27308000
246,2015-12-23,37.6735,37.710499,37.200001,37.515499,37.515499,31318000
247,2015-12-24,37.477501,37.567501,37.331001,37.419998,37.419998,10544000
248,2015-12-28,37.646,38.149502,37.476002,38.1255,38.1255,30306000
249,2015-12-29,38.334499,38.999001,38.321499,38.830002,38.830002,35300000
250,2015-12-30,38.830002,38.880001,38.345001,38.549999,38.549999,25866000
251,2015-12-31,38.474998,38.474998,37.917,37.944,37.944,30018000
252,2016-01-04,37.150002,37.202999,36.562901,37.091999,37.091999,65456000
253,2016-01-05,37.322498,37.599998,36.931999,37.129002,37.129002,39014000
254,2016-01-06,36.5,37.359001,36.445999,37.181,37.181,38940000
255,2016-01-07,36.515499,36.924999,35.952999,36.3195,36.3195,59274000
256,2016-01-08,36.572498,36.661499,35.650002,35.723499,35.723499,49018000
257,2016-01-11,35.830502,35.942749,35.176998,35.801498,35.801498,41812000
258,2016-01-12,36.084,36.4375,35.865849,36.303501,36.303501,40490000
259,2016-01-13,36.5425,36.737,34.9305,35.028,35.028,50034000
260,2016-01-14,35.269001,36.096249,34.455002,35.736,35.736,44516000
261,2016-01-15,34.614498,35.337002,34.268501,34.7225,34.7225,72162000
262,2016-01-19,35.165001,35.499001,34.670502,35.0895,35.0895,45362000
263,2016-01-20,34.4305,35.342499,33.662998,34.922501,34.922501,68900000
264,2016-01-21,35.109001,35.959499,34.723,35.329498,35.329498,48244000
265,2016-01-22,36.18,36.406502,36.00605,36.262501,36.262501,40236000
266,2016-01-25,36.179001,36.484001,35.5005,35.5835,35.5835,34234000
267,2016-01-26,35.692501,35.914001,35.324001,35.652,35.652,26634000
268,2016-01-27,35.683498,35.911751,34.719501,34.9995,34.9995,43884000
269,2016-01-28,36.111,36.684502,35.6175,36.548,36.548,53528000
270,2016-01-29,36.5765,37.2495,36.34,37.147499,37.147499,69486000
271,2016-02-01,37.522999,37.893002,37.163502,37.599998,37.599998,102784000
272,2016-02-02,39.224998,39.4935,38.232498,38.232498,38.232498,126962000
273,2016-02-03,38.511002,38.724998,36.025002,36.3475,36.3475,123420000
274,2016-02-04,36.140499,36.349998,35.092999,35.400501,35.400501,103374000
275,2016-02-05,35.193501,35.199501,34.0075,34.178501,34.178501,102114000
276,2016-02-08,33.392502,34.2015,33.153,34.137001,34.137001,84948000
277,2016-02-09,33.616001,34.994999,33.438499,33.905499,33.905499,72178000
278,2016-02-10,34.342999,35.065498,34.106499,34.206001,34.206001,52760000
279,2016-02-11,33.75,34.467499,33.443401,34.155499,34.155499,60480000
280,2016-02-12,34.513,34.6875,33.93,34.119999,34.119999,42828000
281,2016-02-16,34.648998,34.900002,34.252499,34.549999,34.549999,50400000
282,2016-02-17,34.904499,35.487499,34.569,35.419998,35.419998,49852000
283,2016-02-18,35.5,35.6175,34.801498,34.8675,34.8675,37664000
284,2016-02-19,34.751499,35.154049,34.702499,35.045502,35.045502,31786000
285,2016-02-22,35.372501,35.661999,35.1255,35.323002,35.323002,38996000
286,2016-02-23,35.072498,35.419998,34.679001,34.7925,34.7925,40186000
287,2016-02-24,34.445999,35.0,34.039001,34.978001,34.978001,39272000
288,2016-02-25,35.0005,35.299,34.529251,35.287498,35.287498,32844000
289,2016-02-26,35.429001,35.671501,35.042999,35.253502,35.253502,44870000
290,2016-02-29,35.015999,35.544498,34.883999,34.8885,34.8885,49622000
291,2016-03-01,35.181,35.940498,34.988499,35.940498,35.940498,43028000
292,2016-03-02,35.950001,36.0,35.599998,35.942501,35.942501,32580000
293,2016-03-03,35.933998,35.9725,35.300999,35.620998,35.620998,39160000
294,2016-03-04,35.7495,35.824501,35.300999,35.544498,35.544498,39442000
295,2016-03-07,35.345001,35.404549,34.345001,34.757999,34.757999,59702000
296,2016-03-08,34.429501,35.189499,34.266998,34.698502,34.698502,41526000
297,2016-03-09,34.9235,35.284,34.700001,35.262001,35.262001,28430000
298,2016-03-10,35.405998,35.821999,35.167999,35.640999,35.640999,56670000
299,2016-03-11,36.0,36.346001,35.856251,36.341,36.341,39416000
300,2016-03-14,36.3405,36.775002,36.2575,36.524502,36.524502,34366000
301,2016-03-15,36.346001,36.614498,36.238499,36.4165,36.4165,34420000
302,2016-03-16,36.318501,36.873501,36.225498,36.804501,36.804501,32488000
303,2016-03-17,36.822498,37.1535,36.799999,36.889,36.889,37216000
304,2016-03-18,37.092999,37.099998,36.591499,36.880001,36.880001,59614000
305,2016-03-21,36.825001,37.125,36.6758,37.1045,37.1045,36730000
306,2016-03-22,36.873001,37.25,36.873001,37.037498,37.037498,25394000
307,2016-03-23,37.118,37.285999,36.807499,36.903,36.903,28642000
308,2016-03-24,36.600498,36.887348,36.549999,36.764999,36.764999,31898000
309,2016-03-28,36.8395,36.949501,36.625,36.676498,36.676498,26026000
310,2016-03-29,36.7295,37.362499,36.438,37.238499,37.238499,38076000
311,2016-03-30,37.505001,37.894001,37.437,37.526501,37.526501,35648000
312,2016-03-31,37.462502,37.5425,37.047001,37.247501,37.247501,34376000
313,2016-04-01,36.93,37.516998,36.849998,37.495499,37.495499,31534000
314,2016-04-04,37.502998,37.639999,37.121498,37.2645,37.2645,22684000
315,2016-04-05,36.900002,37.139999,36.768501,36.889999,36.889999,22646000
316,2016-04-06,36.788502,37.312,36.778,37.2845,37.2845,21074000
317,2016-04-07,37.268501,37.349998,36.813999,37.014,37.014,29064000
318,2016-04-08,37.198502,37.272499,36.7775,36.9575,36.9575,25816000
319,2016-04-11,37.151001,37.25,36.802502,36.805,36.805,24402000
320,2016-04-12,36.900002,37.191502,36.550499,37.154499,37.154499,27060000
321,2016-04-13,37.458,37.719002,37.213051,37.585999,37.585999,34142000
322,2016-04-14,37.7005,37.865501,37.63525,37.66,37.66,22706000
323,2016-04-15,37.699001,38.049999,37.634701,37.950001,37.950001,36186000
324,2016-04-18,38.022999,38.4025,37.865002,38.330502,38.330502,31176000
325,2016-04-19,38.475498,38.494999,37.466499,37.696499,37.696499,40610000
326,2016-04-20,37.900002,37.906601,37.5005,37.633499,37.633499,30584000
327,2016-04-21,37.769001,38.022499,37.477501,37.957001,37.957001,61210000
328,2016-04-22,36.314999,36.806,35.6805,35.938499,35.938499,119038000
329,2016-04-25,35.805,36.196499,35.779499,36.157501,36.157501,39184000
330,2016-04-26,36.271,36.2883,35.151299,35.407001,35.407001,54892000
331,2016-04-27,35.364498,35.449001,34.618252,35.292,35.292,61972000
332,2016-04-28,35.412998,35.7085,34.477501,34.550999,34.550999,57346000
333,2016-04-29,34.535,34.881001,34.450001,34.650501,34.650501,49754000
334,2016-05-02,34.8815,35.032001,34.549999,34.9105,34.9105,32906000
335,2016-05-03,34.843498,34.891998,34.599998,34.618,34.618,30876000
336,2016-05-04,34.524502,34.987499,34.4505,34.785,34.785,33870000
337,2016-05-05,34.884998,35.116001,34.785999,35.071499,35.071499,33670000
338,2016-05-06,34.918999,35.592999,34.90535,35.556,35.556,36586000
339,2016-05-09,35.599998,35.935501,35.5,35.645,35.645,30206000
340,2016-05-10,35.837502,36.174999,35.785999,36.159,36.159,31392000
341,2016-05-11,36.170502,36.223999,35.639999,35.7645,35.7645,33842000
342,2016-05-12,35.853001,35.962502,35.450001,35.665501,35.665501,27214000
343,2016-05-13,35.5965,35.833099,35.463001,35.5415,35.5415,26290000
344,2016-05-16,35.456501,35.924,35.282501,35.824501,35.824501,26342000
345,2016-05-17,35.7995,36.076,35.205502,35.311501,35.311501,40024000
346,2016-05-18,35.183498,35.580002,35.031502,35.331501,35.331501,35336000
347,2016-05-19,35.118,35.299999,34.84,35.015999,35.015999,33404000
348,2016-05-20,35.081001,35.729,35.026001,35.487,35.487,36568000
349,2016-05-23,35.3265,35.573898,35.209,35.212002,35.212002,26614000
350,2016-05-24,35.342999,36.0485,35.342999,36.004501,36.004501,38590000
351,2016-05-25,36.037998,36.3755,35.985249,36.2635,36.2635,32584000
352,2016-05-26,36.143501,36.4165,36.014,36.206001,36.206001,31526000
353,2016-05-27,36.2005,36.6968,36.200001,36.632999,36.632999,39500000
354,2016-05-31,36.587002,36.9865,36.563,36.785999,36.785999,42590000
355,2016-06-01,36.726501,36.8605,36.533001,36.7075,36.7075,25072000
356,2016-06-02,36.625,36.651001,36.2085,36.52,36.52,26836000
357,2016-06-03,36.463501,36.474499,36.028,36.117001,36.117001,24526000
358,2016-06-06,36.245499,36.245499,35.730499,35.827499,35.827499,31306000
359,2016-06-07,35.992001,36.098999,35.827499,35.8325,35.8325,26724000
360,2016-06-08,36.198002,36.428501,36.028999,36.414001,36.414001,31674000
361,2016-06-09,36.143501,36.477001,36.116798,36.429001,36.429001,19778000
362,2016-06-10,35.973499,36.294498,35.821499,35.970501,35.970501,24328000
363,2016-06-13,35.8255,36.271999,35.8255,35.917999,35.917999,25178000
364,2016-06-14,35.824001,36.123501,35.655998,35.913502,35.913502,26122000
365,2016-06-15,35.950001,36.148998,35.865501,35.945999,35.945999,24290000
366,2016-06-16,35.745499,35.8325,35.162998,35.518002,35.518002,39650000
367,2016-06-17,35.432499,35.441002,34.4226,34.585999,34.585999,68048000
368,2016-06-20,34.938499,35.124001,34.670502,34.685501,34.685501,41650000
369,2016-06-21,34.919998,35.1385,34.600498,34.797001,34.797001,29312000
370,2016-06-22,34.952999,35.042999,34.654099,34.873001,34.873001,23686000
371,2016-06-23,34.872501,35.0975,34.349998,35.093498,35.093498,43428000
372,2016-06-24,33.758499,34.470001,33.672501,33.761002,33.761002,88980000
373,2016-06-27,33.549999,33.615002,33.1642,33.412998,33.412998,52580000
374,2016-06-28,33.948502,34.016499,33.650002,34.001999,34.001999,43476000
375,2016-06-29,34.150002,34.371449,34.070499,34.205502,34.205502,38652000
376,2016-06-30,34.273499,34.616001,34.182499,34.605,34.605,31954000
377,2016-07-01,34.610001,35.032501,34.606499,34.960499,34.960499,26894000
378,2016-07-05,34.803001,34.847,34.444,34.747501,34.747501,29252000
379,2016-07-06,34.499001,35.084,34.454498,34.8885,34.8885,28238000
380,2016-07-07,34.903999,34.91,34.410751,34.768002,34.768002,26084000
381,2016-07-08,34.974998,35.2855,34.821751,35.281502,35.281502,31504000
382,2016-07-11,35.4025,35.8255,35.362,35.754501,35.754501,22236000
383,2016-07-12,35.956001,36.146999,35.795502,36.032001,36.032001,26738000
384,2016-07-13,36.181,36.200001,35.842499,35.848999,35.848999,18718000
385,2016-07-14,36.078999,36.1105,35.901501,36.047501,36.047501,19004000
386,2016-07-15,36.286499,36.286999,35.952751,35.9925,35.9925,25586000
387,2016-07-18,36.135502,36.806499,36.059502,36.688999,36.688999,25910000
388,2016-07-19,36.494499,36.849499,36.450001,36.848,36.848,24550000
389,2016-07-20,36.866501,37.106499,36.855,37.059502,37.059502,25794000
390,2016-07-21,37.018002,37.084499,36.79155,36.931499,36.931499,20526000
391,2016-07-22,37.092999,37.161999,36.827999,37.137001,37.137001,25196000
392,2016-07-25,37.033501,37.130501,36.875,36.988499,36.988499,20648000
393,2016-07-26,36.952,37.084499,36.713501,36.921001,36.921001,23734000
394,2016-07-27,36.914001,37.223,36.849998,37.088501,37.088501,30250000
395,2016-07-28,37.352001,37.432499,36.965,37.295502,37.295502,70604000
396,2016-07-29,38.635502,38.927502,38.338501,38.439499,38.439499,76830000
397,2016-08-01,38.054501,39.0215,38.054501,38.644001,38.644001,54010000
398,2016-08-02,38.434502,38.792,38.392502,38.553501,38.553501,35690000
399,2016-08-03,38.359001,38.6605,38.341,38.659,38.659,25748000
400,2016-08-04,38.611,38.703499,38.439751,38.580502,38.580502,22806000
401,2016-08-05,38.688999,39.152,38.617001,39.111,39.111,36024000
402,2016-08-08,39.099998,39.1315,38.904549,39.088001,39.088001,22158000
403,2016-08-09,39.055,39.446999,39.0285,39.213001,39.213001,26378000
404,2016-08-10,39.1875,39.340599,39.138901,39.234001,39.234001,15728000
405,2016-08-11,39.25,39.487499,39.148499,39.2425,39.2425,19502000
406,2016-08-12,39.075001,39.16975,39.02,39.160999,39.160999,14810000
407,2016-08-15,39.1875,39.3745,39.005501,39.122002,39.122002,18764000
408,2016-08-16,39.014999,39.049,38.672199,38.856998,38.856998,20560000
409,2016-08-17,38.866001,39.040501,38.676498,38.995499,38.995499,18484000
410,2016-08-18,39.0005,39.143002,38.849998,38.875,38.875,14388000
411,2016-08-19,38.75,38.855,38.656502,38.771,38.771,17230000
412,2016-08-22,38.663502,38.727001,38.502499,38.607498,38.607498,19028000
413,2016-08-23,38.773998,38.821999,38.589249,38.604,38.604,18564000
414,2016-08-24,38.528999,38.724998,38.3535,38.481998,38.481998,21440000
415,2016-08-25,38.349998,38.594501,38.159248,38.470501,38.470501,18538000
416,2016-08-26,38.450001,38.804001,38.2925,38.477001,38.477001,23334000
417,2016-08-29,38.437,38.7495,38.33075,38.607498,38.607498,16952000
418,2016-08-30,38.466499,38.723301,38.341999,38.454498,38.454498,22600000
419,2016-08-31,38.350498,38.454498,38.269001,38.352501,38.352501,24972000
420,2016-09-01,38.462502,38.550999,38.215,38.438999,38.438999,18502000
421,2016-09-02,38.650501,38.695999,38.420502,38.573002,38.573002,21454000
422,2016-09-06,38.672501,39.099998,38.549999,39.004002,39.004002,28856000
423,2016-09-07,39.0,39.136501,38.810001,39.017502,39.017502,17874000
424,2016-09-08,38.929501,39.017502,38.679001,38.765999,38.765999,25406000
425,2016-09-09,38.505001,38.662251,37.983002,37.983002,37.983002,37710000
426,2016-09-12,37.7565,38.5145,37.700001,38.451,38.451,26220000
427,2016-09-13,38.223999,38.311001,37.790001,37.984501,37.984501,27900000
428,2016-09-14,37.980499,38.383999,37.955502,38.1245,38.1245,21748000
429,2016-09-15,38.144501,38.689999,37.998001,38.588001,38.588001,26102000
430,2016-09-16,38.487499,38.487499,38.233002,38.444,38.444,40986000
431,2016-09-19,38.620998,38.700001,38.22205,38.285,38.285,23456000
432,2016-09-20,38.450001,38.6665,38.426498,38.570499,38.570499,19572000
433,2016-09-21,38.632999,38.858002,38.415051,38.811001,38.811001,23356000
434,2016-09-22,39.0,39.4925,38.922001,39.3605,39.3605,29724000
435,2016-09-23,39.329498,39.446499,39.2075,39.345001,39.345001,28238000
436,2016-09-26,39.137001,39.137001,38.6535,38.710499,38.710499,30664000
437,2016-09-27,38.775002,39.2995,38.715401,39.150501,39.150501,23064000
438,2016-09-28,38.892502,39.0905,38.748501,39.077999,39.077999,22196000
439,2016-09-29,39.071999,39.290001,38.711601,38.7505,38.7505,26294000
440,2016-09-30,38.816502,39.047001,38.704498,38.864498,38.864498,31706000
441,2016-10-03,38.712502,38.803249,38.474998,38.627998,38.627998,25576000
442,2016-10-04,38.801498,38.935501,38.644501,38.821499,38.821499,24028000
443,2016-10-05,38.9655,39.1035,38.782501,38.823502,38.823502,29224000
444,2016-10-06,38.950001,39.023998,38.777,38.842999,38.842999,21414000
445,2016-10-07,38.983002,38.983002,38.537498,38.754002,38.754002,18664000
446,2016-10-10,38.885502,39.469002,38.793499,39.297001,39.297001,23498000
447,2016-10-11,39.333,39.613998,39.028999,39.1535,39.1535,27450000
448,2016-10-12,39.188,39.406502,39.103001,39.306999,39.306999,18748000
449,2016-10-13,39.061001,39.061001,38.650002,38.9095,38.9095,27306000
450,2016-10-14,39.0825,39.197498,38.799999,38.926498,38.926498,17050000
451,2016-10-17,38.990002,39.2925,38.875,38.998001,38.998001,21860000
452,2016-10-18,39.392502,40.080502,39.278252,39.763,39.763,41138000
453,2016-10-19,39.911999,40.23,39.901501,40.075001,40.075001,35336000
454,2016-10-20,40.165001,40.198502,39.801498,39.848499,39.848499,35150000
455,2016-10-21,39.75,39.974998,39.700001,39.968498,39.968498,25324000
456,2016-10-24,40.244999,40.758999,40.241001,40.655499,40.655499,33950000
457,2016-10-25,40.834,40.834,40.257,40.383499,40.383499,31528000
458,2016-10-26,40.317001,40.348999,39.816002,39.953499,39.953499,32954000
459,2016-10-27,40.049999,40.1745,39.575001,39.767502,39.767502,54984000
460,2016-10-28,40.4175,40.774502,39.679501,39.768501,39.768501,85398000
461,2016-10-31,39.773499,39.842999,39.200001,39.227001,39.227001,48546000
462,2016-11-01,39.144501,39.474499,38.777,39.1805,39.1805,48128000
463,2016-11-02,38.91,39.0825,38.172501,38.435001,38.435001,37448000
464,2016-11-03,38.362499,38.497501,37.9515,38.106499,38.106499,38864000
465,2016-11-04,37.533001,38.518002,37.528049,38.101002,38.101002,42696000
466,2016-11-07,38.724998,39.259499,38.627499,39.125999,39.125999,31702000
467,2016-11-08,39.169998,39.781651,39.009499,39.525501,39.525501,27338000
468,2016-11-09,38.997002,39.561352,38.5835,39.265499,39.265499,52142000
469,2016-11-10,39.558498,39.558498,37.609001,38.127998,38.127998,94904000
470,2016-11-11,37.827,38.039001,37.519001,37.701,37.701,48636000
471,2016-11-14,37.779999,37.892502,36.376999,36.804001,36.804001,73088000
472,2016-11-15,37.348499,38.220798,37.348499,37.9245,37.9245,47680000
473,2016-11-16,37.759998,38.318001,37.525501,38.223999,38.223999,29452000
474,2016-11-17,38.346001,38.634998,38.211498,38.561501,38.561501,26080000
475,2016-11-18,38.568501,38.75,38.0,38.027,38.027,30942000
476,2016-11-21,38.130501,38.485001,38.029999,38.459999,38.459999,26612000
477,2016-11-22,38.6315,38.848,38.349998,38.413502,38.413502,31862000
478,2016-11-23,38.386501,38.41415,37.762501,38.0495,38.0495,29568000
479,2016-11-25,38.213001,38.25,38.026001,38.084,38.084,11748000
480,2016-11-28,38.0,38.976501,37.990002,38.411999,38.411999,43764000
481,2016-11-29,38.5765,38.924999,38.411999,38.542,38.542,32332000
482,2016-11-30,38.503502,38.649502,37.741501,37.902,37.902,47858000
483,2016-12-01,37.872002,37.9925,36.85125,37.396,37.396,60358000
484,2016-12-02,37.2295,37.700001,37.154999,37.525002,37.525002,29050000
485,2016-12-05,37.885502,38.195,37.645,38.125999,38.125999,27884000
486,2016-12-06,38.2365,38.441502,37.867001,37.955502,37.955502,33814000
487,2016-12-07,38.049999,38.568001,37.790001,38.559502,38.559502,35220000
488,2016-12-08,38.624001,38.909,38.3615,38.820999,38.820999,29762000
489,2016-12-09,39.0,39.4715,38.95105,39.4645,39.4645,36438000
490,2016-12-12,39.251999,39.5625,39.217751,39.463501,39.463501,42082000
491,2016-12-13,39.695,40.219002,39.667,39.805,39.805,42904000
492,2016-12-14,39.869999,40.200001,39.7005,39.8535,39.8535,34084000
493,2016-12-15,39.867001,40.150002,39.646,39.892502,39.892502,32530000
494,2016-12-16,40.02,40.042801,39.5145,39.540001,39.540001,48876000
495,2016-12-19,39.511002,39.882999,39.313499,39.709999,39.709999,24642000
496,2016-12-20,39.838001,39.932499,39.663502,39.820999,39.820999,19020000
497,2016-12-21,39.792,39.833801,39.355,39.728001,39.728001,24226000
498,2016-12-22,39.618,39.666,39.429001,39.563,39.563,19444000
499,2016-12-23,39.544998,39.637001,39.363998,39.495499,39.495499,12468000
500,2016-12-27,39.534,39.893002,39.382851,39.577499,39.577499,15782000
501,2016-12-28,39.685001,39.711498,39.16,39.252499,39.252499,23076000
502,2016-12-29,39.1665,39.296501,38.945999,39.1395,39.1395,14886000
503,2016-12-30,39.137501,39.139,38.5205,38.591,38.591,35400000
504,2017-01-03,38.940498,39.481499,38.790001,39.306999,39.306999,33146000
505,2017-01-04,39.417999,39.567001,39.158001,39.345001,39.345001,21460000
506,2017-01-05,39.304001,39.723999,39.250999,39.701,39.701,26704000
507,2017-01-06,39.763,40.395,39.610199,40.307499,40.307499,32804000
508,2017-01-09,40.32,40.498299,40.141499,40.3325,40.3325,25492000
509,2017-01-10,40.393002,40.456501,40.175499,40.239498,40.239498,23536000
510,2017-01-11,40.25,40.407501,40.068501,40.3955,40.3955,21318000
511,2017-01-12,40.356998,40.369499,39.9585,40.318001,40.318001,27062000
512,2017-01-13,40.374001,40.561199,40.334499,40.394001,40.394001,21984000
513,2017-01-17,40.354,40.356998,40.018501,40.230499,40.230499,27242000
514,2017-01-18,40.290501,40.310249,40.0495,40.303501,40.303501,25888000
515,2017-01-19,40.256001,40.473999,40.09,40.108749,40.108749,18386000
516,2017-01-20,40.345501,40.345501,40.084499,40.250999,40.250999,33400000
517,2017-01-23,40.362499,41.043499,40.187,40.9655,40.9655,39272000
518,2017-01-24,41.115002,41.294998,40.891048,41.193501,41.193501,29480000
519,2017-01-25,41.480999,41.788502,41.252998,41.783501,41.783501,29890000
520,2017-01-26,41.890499,41.900002,41.350498,41.607498,41.607498,59478000
521,2017-01-27,41.7355,42.0975,41.021999,41.165501,41.165501,59316000
522,2017-01-30,40.733002,40.792,39.990002,40.116001,40.116001,64932000
523,2017-01-31,39.842999,40.0625,39.526001,39.8395,39.8395,43212000
524,2017-02-01,39.984001,40.059502,39.559502,39.784752,39.784752,40594000
525,2017-02-02,39.689999,40.134998,39.599998,39.926498,39.926498,30642000
526,2017-02-03,40.149502,40.299999,40.018501,40.074501,40.074501,29268000
527,2017-02-06,39.985001,40.0835,39.762501,40.067001,40.067001,23690000
528,2017-02-07,40.199501,40.525002,40.089001,40.348499,40.348499,24824000
529,2017-02-08,40.349998,40.591999,40.1595,40.418999,40.418999,23106000
530,2017-02-09,40.475498,40.533001,40.227001,40.478001,40.478001,19794000
531,2017-02-10,40.584999,40.762501,40.488998,40.683498,40.683498,22700000
532,2017-02-13,40.799999,41.047951,40.774502,40.962002,40.962002,24266000
533,2017-02-14,40.950001,41.150002,40.799999,41.022499,41.022499,21094000
534,2017-02-15,40.967999,41.150002,40.9235,40.949001,40.949001,26272000
535,2017-02-16,40.996498,41.220001,40.949001,41.208,41.208,25752000
536,2017-02-17,41.151001,41.4035,41.082748,41.4035,41.4035,32220000
537,2017-02-21,41.432999,41.672501,41.4175,41.583,41.583,25246000
538,2017-02-22,41.432999,41.662498,41.431999,41.537998,41.537998,19658000
539,2017-02-23,41.506001,41.623001,41.144001,41.566502,41.566502,29456000
540,2017-02-24,41.386501,41.450001,41.209999,41.431999,41.431999,27844000
541,2017-02-27,41.227501,41.525002,41.200001,41.464001,41.464001,22030000
542,2017-02-28,41.280499,41.426998,41.009998,41.1605,41.1605,45216000
543,2017-03-01,41.442501,41.812752,41.362999,41.762001,41.762001,29930000
544,2017-03-02,41.692501,41.725498,41.481998,41.531502,41.531502,18850000
545,2017-03-03,41.528,41.568001,41.287552,41.453999,41.453999,17928000
546,2017-03-06,41.3475,41.444,41.119999,41.389,41.389,22180000
547,2017-03-07,41.369999,41.670502,41.326,41.595501,41.595501,20752000
548,2017-03-08,41.675499,41.907501,41.5895,41.768501,41.768501,19796000
549,2017-03-09,41.799999,42.099998,41.710499,41.933998,41.933998,25230000
550,2017-03-10,42.164001,42.245499,41.974998,42.162498,42.162498,34080000
551,2017-03-13,42.200001,42.43425,42.162498,42.277,42.277,24472000
552,2017-03-14,42.181999,42.362,42.040001,42.280998,42.280998,15598000
553,2017-03-15,42.379501,42.431499,42.038502,42.360001,42.360001,27630000
554,2017-03-16,42.4515,42.5425,42.306499,42.438999,42.438999,19552000
555,2017-03-17,42.580502,42.669998,42.355499,42.605999,42.605999,34246000
556,2017-03-20,42.5005,42.511002,42.2575,42.419998,42.419998,24630000
557,2017-03-21,42.57,42.674999,41.451,41.522999,41.522999,49270000
558,2017-03-22,41.595501,41.7775,41.359001,41.4795,41.4795,28030000
559,2017-03-23,41.049999,41.128502,40.61285,40.879002,40.879002,69742000
560,2017-03-24,41.004002,41.0965,40.4445,40.7215,40.7215,39620000
561,2017-03-27,40.3475,41.081501,40.168499,40.975498,40.975498,37886000
562,2017-03-28,41.0205,41.2995,40.701351,41.046001,41.046001,32410000
563,2017-03-29,41.25,41.638248,41.118999,41.570499,41.570499,35726000
564,2017-03-30,41.674999,41.683998,41.450001,41.575001,41.575001,21106000
565,2017-03-31,41.448502,41.582001,41.369499,41.478001,41.478001,28038000
566,2017-04-03,41.460999,42.0425,41.460999,41.927502,41.927502,33430000
567,2017-04-04,41.568001,41.758999,41.451801,41.7285,41.7285,20908000
568,2017-04-05,41.775501,42.122501,41.535999,41.570499,41.570499,31106000
569,2017-04-06,41.619999,41.8195,41.323002,41.394001,41.394001,25088000
570,2017-04-07,41.397999,41.424252,41.02565,41.233501,41.233501,21146000
571,2017-04-10,41.269501,41.467499,41.188499,41.2365,41.2365,19578000
572,2017-04-11,41.2355,41.371349,40.851002,41.1675,41.1675,21594000
573,2017-04-12,41.0965,41.333,41.050999,41.216,41.216,18010000
574,2017-04-13,41.106998,41.319,41.071999,41.178001,41.178001,22448000
575,2017-04-17,41.2505,41.887501,41.223499,41.858501,41.858501,17900000
576,2017-04-18,41.710999,41.946499,41.635502,41.841,41.841,16734000
577,2017-04-19,41.989498,42.111,41.814499,41.9105,41.9105,19084000
578,2017-04-20,42.071999,42.259998,41.966,42.0825,42.0825,19180000
579,2017-04-21,42.144001,42.194,42.029999,42.1595,42.1595,26472000
580,2017-04-24,42.560001,43.172501,42.493,43.138,43.138,27450000
581,2017-04-25,43.25,43.75,43.140499,43.615002,43.615002,33440000
582,2017-04-26,43.711498,43.802502,43.387402,43.586498,43.586498,24744000
583,2017-04-27,43.68,43.77,43.519001,43.712502,43.712502,40536000
584,2017-04-28,45.533001,45.842499,45.288502,45.298,45.298,65526000
585,2017-05-01,45.097,45.784,45.072498,45.628502,45.628502,42320000
586,2017-05-02,45.480999,46.038502,45.472649,45.821999,45.821999,31744000
587,2017-05-03,45.743,46.404999,45.627151,46.352001,46.352001,29990000
588,2017-05-04,46.303501,46.796501,46.2295,46.583,46.583,28442000
589,2017-05-05,46.676998,46.744999,46.259998,46.356499,46.356499,38226000
590,2017-05-08,46.306,46.846249,46.263,46.715,46.715,26596000
591,2017-05-09,46.8475,46.875,46.476501,46.608501,46.608501,31636000
592,2017-05-10,46.598999,46.599998,46.257999,46.438999,46.438999,23478000
593,2017-05-11,46.265999,46.626499,46.151501,46.529999,46.529999,16700000
594,2017-05-12,46.5765,46.672001,46.392502,46.611,46.611,21012000
595,2017-05-15,46.647499,46.912498,46.466999,46.854,46.854,22162000
596,2017-05-16,47.0,47.155499,46.879002,47.150002,47.150002,19390000
597,2017-05-17,46.783501,46.966648,45.907001,45.980999,45.980999,47242000
598,2017-05-18,46.049999,46.658501,45.9375,46.512001,46.512001,31938000
599,2017-05-19,46.573502,46.887749,46.549999,46.7005,46.7005,27860000
600,2017-05-22,46.75,47.094151,46.75,47.092999,47.092999,22408000
601,2017-05-23,47.396,47.573349,47.12875,47.441002,47.441002,25416000
602,2017-05-24,47.648998,47.754501,47.474998,47.748001,47.748001,20496000
603,2017-05-25,47.866501,48.631451,47.773499,48.477001,48.477001,33210000
604,2017-05-26,48.485001,48.749001,48.251499,48.573502,48.573502,25040000
605,2017-05-30,48.515499,48.810001,48.474499,48.793999,48.793999,29334000
606,2017-05-31,48.750999,48.963501,48.008999,48.243,48.243,48962000
607,2017-06-01,48.447498,48.575001,48.0005,48.3475,48.3475,28210000
608,2017-06-02,48.473,48.793999,48.299999,48.779999,48.779999,35020000
609,2017-06-05,48.827499,49.345501,48.755001,49.183998,49.183998,25042000
610,2017-06-06,49.158001,49.412498,48.757,48.828499,48.828499,36292000
611,2017-06-07,49.0,49.199001,48.797001,49.047001,49.047001,29078000
612,2017-06-08,49.1175,49.2285,48.860001,49.170502,49.170502,29638000
613,2017-06-09,49.224998,49.224998,46.781502,47.491501,47.491501,66188000
614,2017-06-12,46.978001,47.467751,45.76165,47.145,47.145,75270000
615,2017-06-13,47.595501,47.999001,47.204498,47.669998,47.669998,40266000
616,2017-06-14,47.995998,48.057499,47.112499,47.537998,47.537998,29794000
617,2017-06-15,46.698502,47.16695,46.222,47.115501,47.115501,42662000
618,2017-06-16,47.0,47.102001,46.57975,46.988998,46.988998,61894000
619,2017-06-19,47.498001,47.9995,47.452499,47.8685,47.8685,30666000
620,2017-06-20,47.875999,48.081001,47.5005,47.531502,47.531502,22520000
621,2017-06-21,47.681999,48.005001,47.537998,47.9725,47.9725,24044000
622,2017-06-22,47.935001,48.035999,47.727501,47.8545,47.8545,18828000
623,2017-06-23,47.841499,48.299999,47.709999,48.279499,48.279499,30558000
624,2017-06-26,48.494999,48.665501,47.539501,47.613499,47.613499,31968000
625,2017-06-27,47.123001,47.414501,46.342499,46.366501,46.366501,51598000
626,2017-06-28,46.450001,47.137501,45.799999,47.024502,47.024502,54428000
627,2017-06-29,46.495998,46.563,45.530998,45.8895,45.8895,65984000
628,2017-06-30,46.302502,46.302502,45.415501,45.436501,45.436501,41804000
629,2017-07-03,45.609001,45.696999,44.739498,44.935001,44.935001,34196000
630,2017-07-05,45.088001,45.725498,44.924999,45.585499,45.585499,36278000
631,2017-07-06,45.206001,45.7472,44.985001,45.334499,45.334499,28490000
632,2017-07-07,45.442501,46.077,45.442501,45.929501,45.929501,32756000
633,2017-07-10,46.088501,46.519001,45.9795,46.439999,46.439999,23856000
634,2017-07-11,46.477001,46.571499,46.099998,46.504501,46.504501,22264000
635,2017-07-12,46.933998,47.314999,46.723499,47.191502,47.191502,30642000
636,2017-07-13,47.314499,47.7225,47.150501,47.358002,47.358002,25894000
637,2017-07-14,47.599998,47.845501,47.400249,47.7995,47.7995,21076000
638,2017-07-17,47.849998,48.036999,47.462051,47.671001,47.671001,23310000
639,2017-07-18,47.650002,48.402,47.529999,48.27,48.27,23080000
640,2017-07-19,48.391998,48.652,48.2015,48.544498,48.544498,24490000
641,2017-07-20,48.75,48.794998,48.0755,48.407501,48.407501,32490000
642,2017-07-21,48.112499,48.661499,48.0075,48.646,48.646,34220000
643,2017-07-24,48.611,49.310001,48.538502,49.016998,49.016998,64966000
644,2017-07-25,47.690498,47.985001,47.27,47.535,47.535,93220000
645,2017-07-26,47.734001,47.75,47.113949,47.389999,47.389999,41766000
646,2017-07-27,47.589001,47.589001,46.0,46.704498,46.704498,64260000
647,2017-07-28,46.470001,47.191502,46.375,47.0765,47.0765,36928000
648,2017-07-31,47.094501,47.179501,46.301998,46.525002,46.525002,39402000
649,2017-08-01,46.618999,46.872349,46.463001,46.5415,46.5415,25554000
650,2017-08-02,46.4305,46.630001,45.834,46.519501,46.519501,36488000
651,2017-08-03,46.516998,46.612,46.112,46.182499,46.182499,24050000
652,2017-08-04,46.337502,46.51535,46.151501,46.397999,46.397999,21646000
653,2017-08-07,46.452999,46.584999,46.325001,46.467999,46.467999,20644000
654,2017-08-08,46.3545,46.790699,46.280499,46.3395,46.3395,21232000
655,2017-08-09,46.030499,46.299,45.862499,46.145,46.145,23842000
656,2017-08-10,45.877499,45.963001,45.306499,45.362,45.362,36480000
657,2017-08-11,45.398499,45.889,45.278999,45.719501,45.719501,24136000
658,2017-08-14,46.126499,46.233398,45.9095,46.133499,46.133499,21290000
659,2017-08-15,46.211498,46.327499,45.991001,46.111,46.111,17668000
660,2017-08-16,46.2645,46.634998,46.172249,46.348,46.348,20134000
661,2017-08-17,46.289001,46.342999,45.549,45.549,45.549,25544000
662,2017-08-18,45.515499,45.763748,45.3577,45.533501,45.533501,26854000
663,2017-08-21,45.5,45.650002,45.169998,45.333,45.333,18868000
664,2017-08-22,45.636002,46.292999,45.57375,46.234501,46.234501,23334000
665,2017-08-23,46.0965,46.496498,45.967999,46.349998,46.349998,21804000
666,2017-08-24,46.432999,46.542,45.775002,46.063999,46.063999,25406000
667,2017-08-25,46.1745,46.277748,45.775002,45.794498,45.794498,21068000
668,2017-08-28,45.799999,45.96225,45.593498,45.690498,45.690498,21730000
669,2017-08-29,45.255001,46.1665,45.25,46.064499,46.064499,23712000
670,2017-08-30,46.002499,46.540951,45.982498,46.4785,46.4785,26024000
671,2017-08-31,46.588001,47.098999,46.588001,46.966499,46.966499,31652000
672,2017-09-01,47.056499,47.124001,46.7575,46.867001,46.867001,18948000
673,2017-09-05,46.653999,46.849998,46.098,46.422501,46.422501,26528000
674,2017-09-06,46.5075,46.54575,45.963501,46.390499,46.390499,30554000
675,2017-09-07,46.586498,46.820499,46.181,46.797501,46.797501,24254000
676,2017-09-08,46.824501,46.849499,46.243999,46.325001,46.325001,20230000
677,2017-09-11,46.712502,46.918999,46.346001,46.453999,46.453999,25340000
678,2017-09-12,46.629501,46.674,46.19305,46.6035,46.6035,22688000
679,2017-09-13,46.533001,46.862499,46.493,46.754501,46.754501,22052000
680,2017-09-14,46.5625,46.6385,46.200001,46.255501,46.255501,27952000
681,2017-09-15,46.233002,46.324501,45.818001,46.0145,46.0145,50108000
682,2017-09-18,46.0005,46.104,45.529999,45.75,45.75,26138000
683,2017-09-19,45.870998,46.120998,45.627499,46.0905,46.0905,18734000
684,2017-09-20,46.148998,46.694,46.099998,46.578999,46.578999,33396000
685,2017-09-21,46.650002,46.8265,46.191502,46.622501,46.622501,25812000
686,2017-09-22,46.387501,46.7365,46.324001,46.426498,46.426498,21054000
687,2017-09-25,46.272499,46.32,45.485001,46.0485,46.0485,37136000
688,2017-09-26,46.186001,46.541,46.056999,46.243,46.243,33338000
689,2017-09-27,46.387001,47.494999,46.387001,47.224499,47.224499,44788000
690,2017-09-28,47.068001,47.5345,47.0275,47.474998,47.474998,20406000
691,2017-09-29,47.599998,47.9893,47.5755,47.955502,47.955502,31620000
692,2017-10-02,47.999001,48.126999,47.391998,47.663502,47.663502,25668000
693,2017-10-03,47.700001,47.900002,47.457001,47.8895,47.8895,17766000
694,2017-10-04,47.849998,48.019501,47.5345,47.584,47.584,19048000
695,2017-10-05,47.774502,48.545502,47.758999,48.498001,48.498001,24276000
696,2017-10-06,48.334999,48.973,48.167999,48.9445,48.9445,23478000
697,2017-10-09,49.0,49.271252,48.8055,48.849998,48.849998,17828000
698,2017-10-10,49.0,49.078499,48.304001,48.630001,48.630001,19368000
699,2017-10-11,48.686001,49.5355,48.612499,49.462502,49.462502,33866000
700,2017-10-12,49.372501,49.706001,49.25,49.391499,49.391499,25248000
701,2017-10-13,49.599998,49.8605,49.450001,49.484001,49.484001,23396000
702,2017-10-16,49.605,49.695351,49.200001,49.599998,49.599998,18210000
703,2017-10-17,49.5145,49.821999,49.429501,49.609001,49.609001,25804000
704,2017-10-18,49.588501,49.835999,49.348751,49.640499,49.640499,21152000
705,2017-10-19,49.299999,49.444,48.919498,49.2225,49.2225,26272000
706,2017-10-20,49.472,49.549999,49.229,49.41,49.41,23664000
707,2017-10-23,49.476002,49.476002,48.306,48.422501,48.422501,29568000
708,2017-10-24,48.5,48.6115,48.049999,48.527,48.527,24244000
709,2017-10-25,48.418499,48.804501,48.026001,48.6665,48.6665,24226000
710,2017-10-26,49.0,49.380001,48.610001,48.627998,48.627998,40842000
711,2017-10-27,50.459499,52.419498,50.41,50.963501,50.963501,103354000
712,2017-10-30,50.700001,51.248501,50.375,50.855499,50.855499,41702000
713,2017-10-31,50.761002,51.200001,50.521,50.832001,50.832001,26614000
714,2017-11-01,50.8605,51.483501,50.8475,51.275002,51.275002,27468000
715,2017-11-02,51.088001,51.404499,50.650501,51.278999,51.278999,20980000
716,2017-11-03,51.105499,51.6325,51.015499,51.624001,51.624001,21528000
717,2017-11-06,51.449501,51.7435,51.25,51.294998,51.294998,22504000
718,2017-11-07,51.363499,51.698502,51.2565,51.6665,51.6665,22246000
719,2017-11-08,51.526001,52.176102,51.422501,51.9925,51.9925,21774000
720,2017-11-09,51.699501,51.699501,50.983299,51.563,51.563,24904000
721,2017-11-10,51.323002,51.537998,51.264,51.4035,51.4035,14400000
722,2017-11-13,51.171001,51.578999,51.128502,51.287498,51.287498,17716000
723,2017-11-14,51.129501,51.3405,50.7075,51.299999,51.299999,19184000
724,2017-11-15,50.960499,51.204498,50.771,51.045502,51.045502,17080000
725,2017-11-16,51.125999,51.796001,51.125999,51.625,51.625,22594000
726,2017-11-17,51.7005,51.721001,50.887501,50.954498,50.954498,27942000
727,2017-11-20,51.013,51.130501,50.875,50.918999,50.918999,19070000
728,2017-11-21,51.165501,51.755501,51.132751,51.724499,51.724499,21940000
729,2017-11-22,51.75,51.985298,51.571499,51.798,51.798,14926000
730,2017-11-24,51.793499,52.158901,51.75,52.030499,52.030499,10740000
731,2017-11-27,52.0,52.772999,51.922001,52.710499,52.710499,26158000
732,2017-11-28,52.754501,53.118752,52.0,52.370499,52.370499,28488000
733,2017-11-29,52.133999,52.203999,50.782501,51.083,51.083,49188000
734,2017-11-30,51.1185,51.4245,50.75,51.070499,51.070499,34480000
735,2017-12-01,50.790001,51.1245,50.101002,50.508499,50.508499,38192000
736,2017-12-04,50.632999,50.805,49.7785,49.933998,49.933998,38128000
737,2017-12-05,49.797001,51.030499,49.414001,50.2575,50.2575,41346000
738,2017-12-06,50.075001,51.248501,50.056999,50.918999,50.918999,25440000
739,2017-12-07,51.0215,51.712002,50.903549,51.546501,51.546501,29164000
740,2017-12-08,51.8745,52.102501,51.626099,51.852501,51.852501,25816000
741,2017-12-11,51.775002,52.189999,51.602501,52.055,52.055,23856000
742,2017-12-12,51.981499,52.515499,51.684502,52.023998,52.023998,25590000
743,2017-12-13,52.306,52.333248,51.918999,52.030499,52.030499,25654000
744,2017-12-14,52.25,52.924999,52.155499,52.4575,52.4575,31174000
745,2017-12-15,52.730499,53.381001,52.474998,53.209499,53.209499,65518000
746,2017-12-18,53.304001,53.9245,53.099998,53.856998,53.856998,31092000
747,2017-12-19,53.759998,53.841999,53.177502,53.534,53.534,26774000
748,2017-12-20,53.589001,53.668999,53.076,53.247501,53.247501,25372000
749,2017-12-21,53.247501,53.466499,53.089699,53.181499,53.181499,19914000
750,2017-12-22,53.0555,53.209999,52.972,53.006001,53.006001,15102000
751,2017-12-26,52.9035,53.006001,52.509998,52.837002,52.837002,15212000
752,2017-12-27,52.869499,52.918499,52.4025,52.468498,52.468498,25438000
753,2017-12-28,52.580002,52.737499,52.238499,52.407001,52.407001,16742000
754,2017-12-29,52.335999,52.485001,52.244999,52.32,52.32,17750000
755,2018-01-02,52.417,53.347,52.261501,53.25,53.25,24752000
756,2018-01-03,53.2155,54.314499,53.1605,54.124001,54.124001,28604000
757,2018-01-04,54.400002,54.678501,54.2001,54.32,54.32,20092000
758,2018-01-05,54.700001,55.212502,54.599998,55.1115,55.1115,25582000
759,2018-01-08,55.1115,55.563499,55.081001,55.347,55.347,20952000
760,2018-01-09,55.470001,55.5285,55.06155,55.313,55.313,18050000
761,2018-01-10,54.855,55.23,54.8055,55.130501,55.130501,20856000
762,2018-01-11,55.314999,55.326248,54.9795,55.276001,55.276001,19566000
763,2018-01-12,55.120499,56.2145,55.057499,56.112999,56.112999,34410000
764,2018-01-16,56.6255,56.995499,55.891602,56.088001,56.088001,31506000
765,2018-01-17,56.311001,56.630001,55.850498,56.598999,56.598999,24052000
766,2018-01-18,56.570499,56.6255,55.875,56.489498,56.489498,23964000
767,2018-01-19,56.591499,56.893002,56.415001,56.8755,56.8755,35564000
768,2018-01-22,56.8745,57.993999,56.755501,57.790501,57.790501,32360000
769,2018-01-23,57.9925,58.581348,57.9375,58.498501,58.498501,26662000
770,2018-01-24,58.866501,58.993,58.052502,58.212002,58.212002,28332000
771,2018-01-25,58.626499,58.797001,58.138,58.518501,58.518501,29610000
772,2018-01-26,58.754002,58.792,57.905499,58.792,58.792,40376000
773,2018-01-29,58.824001,59.344501,58.598999,58.778999,58.778999,27578000
774,2018-01-30,58.391499,58.826,58.175999,58.184502,58.184502,31126000
775,2018-01-31,58.5285,58.650002,57.956501,58.497002,58.497002,30774000
776,2018-02-01,58.130501,58.700001,57.875999,58.384998,58.384998,48242000
777,2018-02-02,56.099998,56.1535,55.363899,55.595001,55.595001,97158000
778,2018-02-05,54.529999,55.5,52.601501,52.790001,52.790001,75966000
779,2018-02-06,51.359001,54.085499,51.156849,54.029999,54.029999,68960000
780,2018-02-07,54.077,54.089001,52.412998,52.429001,52.429001,47384000
781,2018-02-08,52.7705,52.931,50.033001,50.076,50.076,57182000
782,2018-02-09,50.862499,52.198502,49.627998,51.889,51.889,70118000
783,2018-02-12,52.400002,53.075001,52.046398,52.597,52.597,41154000
784,2018-02-13,52.25,52.918499,52.20435,52.605,52.605,25302000
785,2018-02-14,52.447498,53.585999,52.337502,53.485001,53.485001,31116000
786,2018-02-15,53.953499,54.573952,53.216999,54.476002,54.476002,36868000
787,2018-02-16,54.420502,55.233501,54.415649,54.740002,54.740002,33590000
788,2018-02-20,54.5285,55.697498,54.425999,55.123001,55.123001,28462000
789,2018-02-21,55.323502,56.698502,55.316502,55.567001,55.567001,30258000
790,2018-02-22,55.809502,56.140999,55.129501,55.331501,55.331501,26344000
791,2018-02-23,55.632,56.363998,55.235699,56.3395,56.3395,25220000
792,2018-02-26,56.389999,57.198002,56.334751,57.1875,57.1875,31182000
793,2018-02-27,57.062,57.202,55.900002,55.914501,55.914501,35482000
794,2018-02-28,56.151501,56.376499,55.161999,55.2365,55.2365,37652000
795,2018-03-01,55.393501,55.506001,53.350052,53.476002,53.476002,50318000
796,2018-03-02,52.653999,54.099949,52.40575,53.945999,53.945999,45432000
797,2018-03-05,53.757,54.855,53.450001,54.546501,54.546501,24044000
798,2018-03-06,54.960999,55.092499,54.48875,54.752998,54.752998,30656000
799,2018-03-07,54.459499,55.611,54.274101,55.481998,55.481998,25850000
800,2018-03-08,55.765999,56.380001,55.639999,56.299999,56.299999,27102000
801,2018-03-09,56.799999,58.040001,56.623051,58.001999,58.001999,42560000
802,2018-03-12,58.192501,58.852501,57.870998,58.224998,58.224998,43446000
803,2018-03-13,58.5,58.838001,56.6665,56.908501,56.908501,38144000
804,2018-03-14,57.260502,57.929501,57.071999,57.474499,57.474499,25828000
805,2018-03-15,57.498001,58.054001,56.727001,57.479,57.479,27908000
806,2018-03-16,57.707001,57.793999,56.598,56.786499,56.786499,61840000
807,2018-03-19,56.0005,56.099499,54.4505,54.991001,54.991001,56118000
808,2018-03-20,54.950001,55.259998,54.173,54.885502,54.885502,36638000
809,2018-03-21,54.637001,55.314999,54.2575,54.543999,54.543999,37578000
810,2018-03-22,54.094002,54.145,52.295502,52.453999,52.453999,53340000
811,2018-03-23,52.351501,53.167999,51.061001,51.078499,51.078499,43134000
812,2018-03-26,52.299999,52.781502,50.419998,52.6605,52.6605,53302000
813,2018-03-27,53.150002,53.241951,49.846001,50.255001,50.255001,61906000
814,2018-03-28,49.900002,51.211498,49.032001,50.228001,50.228001,67386000
815,2018-03-29,50.581501,52.150002,50.145,51.5895,51.5895,54536000
816,2018-04-02,51.140999,51.740002,49.518501,50.323502,50.323502,53608000
817,2018-04-03,50.695499,51.0495,49.703499,50.670502,50.670502,45502000
818,2018-04-04,49.670502,51.435902,49.650002,51.257,51.257,49694000
819,2018-04-05,52.066502,52.1395,51.00655,51.390499,51.390499,27260000
820,2018-04-06,51.0,51.570999,50.151501,50.352001,50.352001,34928000
821,2018-04-09,50.84,51.98,50.703999,50.772499,50.772499,35032000
822,2018-04-10,51.321999,51.813999,50.567001,51.582001,51.582001,39490000
823,2018-04-11,51.399502,51.568199,50.793499,50.998501,50.998501,29678000
824,2018-04-12,51.251999,52.0345,51.071751,51.6255,51.6255,27140000
825,2018-04-13,52.043999,52.320999,51.148998,51.463501,51.463501,24460000
826,2018-04-16,51.849998,52.161999,51.337002,51.898998,51.898998,24224000
827,2018-04-17,52.568501,53.894001,52.412998,53.708,53.708,46406000
828,2018-04-18,53.871498,53.871498,53.311249,53.604,53.604,26882000
829,2018-04-19,53.470001,54.708248,53.409,54.384998,54.384998,34954000
830,2018-04-20,54.099998,54.6175,53.4785,53.647999,53.647999,37794000
831,2018-04-23,53.893002,54.136002,53.035,53.372501,53.372501,46826000
832,2018-04-24,52.599998,52.849998,50.529499,50.999001,50.999001,95206000
833,2018-04-25,51.276001,51.6245,50.765499,51.058998,51.058998,47822000
834,2018-04-26,51.475498,52.398998,50.9095,52.001999,52.001999,41590000
835,2018-04-27,52.299999,52.474998,51.279499,51.502499,51.502499,32396000
836,2018-04-30,51.5005,51.849998,50.842499,50.866501,50.866501,33426000
837,2018-05-01,50.682999,51.9235,50.4105,51.865501,51.865501,28558000
838,2018-05-02,51.404999,52.019451,51.143501,51.219002,51.219002,32062000
839,2018-05-03,50.950001,51.483749,50.314499,51.186001,51.186001,36302000
840,2018-05-04,50.845001,52.425499,50.845001,52.4105,52.4105,38774000
841,2018-05-07,52.461498,53.084,52.355,52.739498,52.739498,29322000
842,2018-05-08,52.926998,53.0275,52.35725,52.695499,52.695499,24354000
843,2018-05-09,52.904999,54.271999,52.818249,54.138,54.138,40656000
844,2018-05-10,54.301498,55.021999,54.282001,54.878502,54.878502,28860000
845,2018-05-11,54.68,55.066502,54.545502,54.912998,54.912998,25074000
846,2018-05-14,55.0,55.537498,54.955502,55.009998,55.009998,30362000
847,2018-05-15,54.5,54.502499,53.6735,53.961498,53.961498,29898000
848,2018-05-16,53.865501,54.463501,53.813,54.088501,54.088501,21946000
849,2018-05-17,53.994499,54.343498,53.674999,53.929501,53.929501,20876000
850,2018-05-18,53.092999,53.497002,53.034,53.318001,53.318001,31304000
851,2018-05-21,53.702999,54.400002,53.682499,53.979,53.979,20464000
852,2018-05-22,54.178001,54.329498,53.334499,53.4865,53.4865,21800000
853,2018-05-23,53.2565,54.039001,53.085499,53.984501,53.984501,21214000
854,2018-05-24,53.950001,54.023499,53.307499,53.962002,53.962002,15336000
855,2018-05-25,53.951,54.127998,53.688751,53.783001,53.783001,17988000
856,2018-05-29,53.244499,53.668499,52.761002,53.015999,53.015999,37302000
857,2018-05-30,53.151501,53.460499,52.841499,53.389999,53.389999,22770000
858,2018-05-31,53.377998,54.859501,53.377998,54.2495,54.2495,61766000
859,2018-06-01,54.967499,56.0,54.924999,55.974998,55.974998,48432000
860,2018-06-04,56.116501,57.094501,56.10025,56.9645,56.9645,37792000
861,2018-06-05,57.0495,57.2869,56.6595,56.983002,56.983002,33560000
862,2018-06-06,57.108501,57.150002,56.287151,56.844002,56.844002,33964000
863,2018-06-07,56.566002,56.791,55.826,56.193001,56.193001,30400000
864,2018-06-08,55.909,56.3335,55.607498,56.043499,56.043499,25816000
865,2018-06-11,55.93,56.862999,55.93,56.4995,56.4995,21586000
866,2018-06-12,56.553501,56.989498,56.536751,56.966,56.966,18240000
867,2018-06-13,57.056,57.325001,56.668999,56.739498,56.739498,30128000
868,2018-06-14,57.192501,57.773499,57.032001,57.605999,57.605999,26868000
869,2018-06-15,57.443001,57.671001,57.174252,57.612999,57.612999,42450000
870,2018-06-18,57.182499,58.7155,57.179501,58.673,58.673,28274000
871,2018-06-19,57.924999,58.563499,57.7005,58.403,58.403,32420000
872,2018-06-20,58.765499,59.314301,58.458,58.492001,58.492001,32970000
873,2018-06-21,58.7425,58.86475,57.611599,57.882999,57.882999,24762000
874,2018-06-22,57.957001,58.124851,57.362999,57.773998,57.773998,26220000
875,2018-06-25,57.18,57.195499,55.639,56.240501,56.240501,43146000
876,2018-06-26,56.400002,56.6605,55.832951,55.923,55.923,31264000
877,2018-06-27,56.067001,56.591801,55.181,55.199001,55.199001,25878000
878,2018-06-28,55.1045,56.115501,54.800499,55.710999,55.710999,21448000
879,2018-06-29,56.0,56.41135,55.75,55.782501,55.782501,26302000
880,2018-07-02,54.950001,56.400002,54.689999,56.373001,56.373001,24346000
881,2018-07-03,56.791,56.791,55.000999,55.144501,55.144501,13580000
882,2018-07-05,55.526501,56.375,55.424,56.213501,56.213501,21334000
883,2018-07-06,56.179001,57.046501,56.03685,57.008499,57.008499,19922000
884,2018-07-09,57.424,57.733501,57.171001,57.702499,57.702499,18180000
885,2018-07-10,57.848999,57.9795,57.4795,57.641998,57.641998,15968000
886,2018-07-11,57.2295,58.2145,57.049999,57.695,57.695,22400000
887,2018-07-12,57.994499,59.220501,57.796749,59.174,59.174,25038000
888,2018-07-13,59.25,59.770851,59.0,59.441002,59.441002,24438000
889,2018-07-16,59.469501,59.549999,58.964001,59.193001,59.193001,21114000
890,2018-07-17,58.611,60.152,58.529999,59.939999,59.939999,32208000
891,2018-07-18,59.827999,60.224998,59.516998,59.793999,59.793999,27872000
892,2018-07-19,59.549999,60.0,59.166,59.348,59.348,25534000
893,2018-07-20,59.348,59.842999,59.210999,59.245499,59.245499,24948000
894,2018-07-23,59.050499,60.324501,59.049999,60.275002,60.275002,52384000
895,2018-07-24,63.129501,63.299999,61.778,62.403999,62.403999,66364000
896,2018-07-25,61.956501,63.292999,61.956501,63.185001,63.185001,42556000
897,2018-07-26,62.549999,63.488548,62.451,63.4165,63.4165,48112000
898,2018-07-27,63.549999,63.6945,61.549999,61.924999,61.924999,42612000
899,2018-07-30,61.400501,61.7458,60.573502,60.987,60.987,36998000
900,2018-07-31,61.0005,61.379398,60.279999,60.862999,60.862999,32894000
901,2018-08-01,61.400002,61.6735,60.510502,61.0005,61.0005,31344000
902,2018-08-02,60.294998,61.493999,60.239498,61.307499,61.307499,30626000
903,2018-08-03,61.480999,61.5,60.752998,61.185501,61.185501,21792000
904,2018-08-06,61.25,61.304401,60.789848,61.238499,61.238499,21634000
905,2018-08-07,61.849998,62.558498,61.808498,62.111,62.111,29880000
906,2018-08-08,62.023499,62.825001,61.900398,62.280499,62.280499,27406000
907,2018-08-09,62.494999,62.7771,62.300499,62.455002,62.455002,16972000
908,2018-08-10,62.150002,62.284752,61.599998,61.880501,61.880501,22174000
909,2018-08-13,61.848999,62.46365,61.682049,61.7505,61.7505,19946000
910,2018-08-14,61.759499,62.293499,61.255501,62.105,62.105,26962000
911,2018-08-15,61.463001,61.762001,60.475498,60.719002,60.719002,36576000
912,2018-08-16,61.2365,61.299999,60.127499,60.324501,60.324501,26864000
913,2018-08-17,60.101501,60.451,59.411999,60.048,60.048,27792000
914,2018-08-20,60.250999,60.549999,59.7313,60.3885,60.3885,17416000
915,2018-08-21,60.400002,60.862999,60.0177,60.081001,60.081001,24112000
916,2018-08-22,60.0,60.591999,59.950001,60.366501,60.366501,17748000
917,2018-08-23,60.356998,61.063999,60.212002,60.269001,60.269001,19852000
918,2018-08-24,60.441002,61.0825,60.317951,61.032501,61.032501,18932000
919,2018-08-27,61.380001,62.154499,61.285801,62.091,62.091,23126000
920,2018-08-28,62.064499,62.127251,61.434502,61.557499,61.557499,26080000
921,2018-08-29,61.872501,62.533001,61.817951,62.465,62.465,25978000
922,2018-08-30,62.211498,62.681751,61.629501,61.956001,61.956001,26628000
923,2018-08-31,61.749001,61.932999,60.564251,60.9095,60.9095,36328000
924,2018-09-04,60.213501,60.649502,59.625,59.849998,59.849998,36620000
925,2018-09-05,59.689999,59.9505,58.099998,59.324001,59.324001,41226000
926,2018-09-06,59.314999,59.314999,57.599998,58.571999,58.571999,37770000
927,2018-09-07,57.933498,58.763,57.860748,58.241501,58.241501,28026000
928,2018-09-10,58.609501,58.727001,58.005501,58.231998,58.231998,22308000
929,2018-09-11,58.081501,58.933998,57.812,58.868,58.868,24186000
930,2018-09-12,58.636002,58.9305,57.917999,58.140999,58.140999,25910000
931,2018-09-13,58.536999,58.9305,58.142502,58.766499,58.766499,28624000
932,2018-09-14,58.955002,59.021252,58.4165,58.626499,58.626499,18880000
933,2018-09-17,58.507,58.862,57.7015,57.802502,57.802502,26130000
934,2018-09-18,57.8545,58.804001,57.8545,58.061001,58.061001,24072000
935,2018-09-19,58.249001,58.6605,57.729,58.554501,58.554501,23828000
936,2018-09-20,58.9995,59.494499,58.667999,59.343498,59.343498,24508000
937,2018-09-21,59.599998,59.6105,58.301998,58.304501,58.304501,88112000
938,2018-09-24,57.858501,58.900002,57.345501,58.668499,58.668499,25420000
939,2018-09-25,58.807499,59.344002,58.400002,59.232498,59.232498,19554000
940,2018-09-26,59.2575,59.711498,58.738251,59.024502,59.024502,29246000
941,2018-09-27,59.336498,60.105,59.181499,59.731998,59.731998,25216000
942,2018-09-28,59.593498,59.7705,59.224998,59.6735,59.6735,27612000
943,2018-10-01,59.994499,60.494999,59.514999,59.765499,59.765499,27152000
944,2018-10-02,59.548,60.498001,59.331501,60.005501,60.005501,33758000
945,2018-10-03,60.25,60.320499,59.691502,60.147499,60.147499,25124000
946,2018-10-04,59.766499,59.8755,57.778801,58.4095,58.4095,44190000
947,2018-10-05,58.375,58.674999,57.256001,57.8675,57.8675,23686000
948,2018-10-08,57.505501,58.400002,56.368198,57.448502,57.448502,38648000
949,2018-10-09,57.307499,57.717499,56.878601,56.941002,56.941002,26174000
950,2018-10-10,56.554001,56.608501,54.056499,54.061001,54.061001,53514000
951,2018-10-11,53.646999,55.32,53.413502,53.966,53.966,58980000
952,2018-10-12,55.400002,55.75,54.320099,55.504002,55.504002,42026000
953,2018-10-15,55.445499,55.672298,54.450001,54.612499,54.612499,27448000
954,2018-10-16,55.2295,56.210999,55.125,56.063999,56.063999,38570000
955,2018-10-17,56.323002,56.449501,55.109501,55.7845,55.7845,29344000
956,2018-10-18,56.091999,56.091999,53.8545,54.398499,54.398499,41890000
957,2018-10-19,54.668499,55.518002,54.387501,54.823002,54.823002,25352000
958,2018-10-22,55.153,55.6115,54.549999,55.057999,55.057999,30284000
959,2018-10-23,54.044498,55.394501,53.5,55.184502,55.184502,36974000
960,2018-10-24,55.212502,55.306,52.437,52.5355,52.5355,39648000
961,2018-10-25,53.5895,55.549,53.477501,54.7785,54.7785,50916000
962,2018-10-26,51.851501,55.3265,51.704498,53.573502,53.573502,83752000
963,2018-10-29,54.123501,54.852001,49.7915,51.004002,51.004002,77614000
964,2018-10-30,50.423,51.8745,50.037498,51.810501,51.810501,64254000
965,2018-10-31,52.990501,54.597,52.849998,53.838501,53.838501,50596000
966,2018-11-01,53.790001,54.19875,53.123001,53.5,53.5,29640000
967,2018-11-02,53.686501,54.14875,52.730499,52.8895,52.8895,36780000
968,2018-11-05,52.75,52.9235,51.062,52.004501,52.004501,48828000
969,2018-11-06,51.973999,53.217251,51.9035,52.790501,52.790501,24666000
970,2018-11-07,53.450001,54.772999,53.294998,54.669498,54.669498,41168000
971,2018-11-08,54.569,54.663502,53.610249,54.119999,54.119999,29764000
972,2018-11-09,53.699501,53.778,52.655499,53.307499,53.307499,26864000
973,2018-11-12,53.0695,53.105999,51.549999,51.931499,51.931499,29436000
974,2018-11-13,52.164501,52.83025,51.557499,51.802502,51.802502,30274000
975,2018-11-14,52.5,52.728199,51.549999,52.182999,52.182999,31318000
976,2018-11-15,52.2355,53.592499,51.589001,53.2355,53.2355,36722000
977,2018-11-16,52.970501,53.349998,52.449001,53.074501,53.074501,33162000
978,2018-11-19,52.860001,53.039501,50.813,51.0,51.0,37172000
979,2018-11-20,50.0,51.587002,49.800999,51.287998,51.287998,48982000
980,2018-11-21,51.838001,52.428001,51.6735,51.880501,51.880501,30686000
981,2018-11-23,51.5,51.879501,51.119949,51.194,51.194,13830000
982,2018-11-26,51.9175,52.4655,51.695499,52.431,52.431,38856000
983,2018-11-27,52.049999,52.879002,51.9245,52.220501,52.220501,36064000
984,2018-11-28,52.438,54.341999,51.787998,54.311501,54.311501,49508000
985,2018-11-29,53.804001,54.71225,53.799999,54.415001,54.415001,29378000
986,2018-11-30,54.453499,54.7785,53.894001,54.7215,54.7215,51604000
987,2018-12-03,56.157001,56.232498,55.18325,55.321499,55.321499,39824000
988,2018-12-04,55.155998,55.221001,52.499001,52.541,52.541,46904000
989,2018-12-06,51.713001,53.560001,51.538502,53.436501,53.436501,55384000
990,2018-12-07,53.0005,53.763,51.424999,51.828999,51.828999,42024000
991,2018-12-10,51.752499,52.422501,51.164501,51.977501,51.977501,36154000
992,2018-12-11,52.824501,53.029999,51.992001,52.587502,52.587502,27894000
993,2018-12-12,53.400002,54.0825,53.1395,53.183998,53.183998,30476000
994,2018-12-13,53.4035,53.987999,52.696499,53.095001,53.095001,26596000
995,2018-12-14,52.499001,53.130001,52.039501,52.105,52.105,33732000
996,2018-12-17,51.8755,52.657501,50.395,50.8265,50.8265,47708000
997,2018-12-18,51.304501,52.473999,51.071999,51.435501,51.435501,43850000
998,2018-12-19,51.699501,53.099998,50.4025,51.150501,51.150501,49586000
999,2018-12-20,50.906502,51.710999,49.818001,50.470501,50.470501,53470000
1000,2018-12-21,50.764999,51.201,48.684502,48.977001,48.977001,91920000
1001,2018-12-24,48.695,50.176998,48.505501,48.811001,48.811001,31806000
1002,2018-12-26,49.4505,52.0,49.150002,51.973,51.973,47466000
1003,2018-12-27,50.857498,52.1945,49.849998,52.194,52.194,42196000
1004,2018-12-28,52.480999,52.778,51.654999,51.854,51.854,28296000
1005,2018-12-31,52.548,52.634998,51.179501,51.780499,51.780499,29866000
1006,2019-01-02,50.828499,52.616001,50.7855,52.2925,52.2925,30652000
1007,2019-01-03,52.049999,52.848999,50.703499,50.803001,50.803001,36822000
1008,2019-01-04,51.629501,53.542,51.370899,53.5355,53.5355,41878000
1009,2019-01-07,53.575001,53.700001,52.737999,53.419498,53.419498,39638000
1010,2019-01-08,53.8055,54.228001,53.026501,53.813999,53.813999,35298000
1011,2019-01-09,54.0825,54.1315,53.32,53.733002,53.733002,23986000
1012,2019-01-10,53.382999,53.557499,52.885502,53.516499,53.516499,29128000
1013,2019-01-11,53.159,53.188751,52.424,52.859501,52.859501,30416000
1014,2019-01-14,52.346001,52.5765,52.062752,52.234501,52.234501,22886000
1015,2019-01-15,52.508499,54.002499,52.367001,53.857498,53.857498,29272000
1016,2019-01-16,54.0,54.618752,53.966999,54.0485,54.0485,26636000
1017,2019-01-17,53.973499,54.59,53.674999,54.494999,54.494999,24854000
1018,2019-01-18,55.0,55.417599,54.544998,54.912998,54.912998,39112000
1019,2019-01-22,54.400002,54.5755,53.1735,53.526001,53.526001,32270000
1020,2019-01-23,53.8675,54.246498,52.987499,53.7785,53.7785,19340000
1021,2019-01-24,53.824001,53.973751,53.035,53.695,53.695,27226000
1022,2019-01-25,54.25,54.700001,54.091,54.5495,54.5495,22382000
1023,2019-01-28,54.005501,54.150002,53.189999,53.504002,53.504002,25686000
1024,2019-01-29,53.633999,53.7575,52.793251,53.030998,53.030998,20436000
1025,2019-01-30,53.421501,54.549999,53.342499,54.452999,54.452999,25596000
1026,2019-01-31,55.150002,55.866501,54.7705,55.818501,55.818501,30766000
1027,2019-02-01,55.619999,56.25,55.244499,55.537498,55.537498,29244000
1028,2019-02-04,55.632999,56.639999,55.451,56.639999,56.639999,51530000
1029,2019-02-05,56.242001,57.342499,55.8624,57.2995,57.2995,71044000
1030,2019-02-06,56.9785,57.349998,55.6385,55.761501,55.761501,42112000
1031,2019-02-07,55.208,55.242001,54.299999,54.935501,54.935501,40896000
1032,2019-02-08,54.349998,54.945499,54.327499,54.752998,54.752998,21516000
1033,2019-02-11,54.8475,55.297249,54.643002,54.7505,54.7505,21304000
1034,2019-02-12,55.34,56.264751,55.2925,56.068501,56.068501,32182000
1035,2019-02-13,56.2495,56.7365,55.924999,56.007999,56.007999,20996000
1036,2019-02-14,55.9025,56.411499,55.522251,56.0835,56.0835,18952000
1037,2019-02-15,56.504002,56.5835,55.532501,55.682499,55.682499,28996000
1038,2019-02-19,55.5,56.094501,55.5,55.928001,55.928001,20928000
1039,2019-02-20,55.9995,56.170502,55.264,55.689999,55.689999,21756000
1040,2019-02-21,55.542,55.597,54.625999,54.848499,54.848499,28302000
1041,2019-02-22,55.044998,55.562,54.779999,55.518501,55.518501,20990000
1042,2019-02-25,55.799999,55.926998,55.363499,55.470001,55.470001,28262000
1043,2019-02-26,55.287498,55.975498,54.995998,55.7565,55.7565,29426000
1044,2019-02-27,55.3475,55.898998,55.049999,55.802502,55.802502,19368000
1045,2019-02-28,55.564999,56.3825,55.550499,55.995998,55.995998,30850000
1046,2019-03-01,56.244999,57.148499,56.237499,57.0495,57.0495,29006000
1047,2019-03-04,57.349499,57.914001,56.5345,57.389999,57.389999,28920000
1048,2019-03-05,57.502998,58.480499,57.30975,58.101501,58.101501,28864000
1049,2019-03-06,58.1245,58.3783,57.774502,57.893002,57.893002,21986000
1050,2019-03-07,57.785999,57.837749,56.745499,57.165001,57.165001,23332000
1051,2019-03-08,56.336498,57.354,56.165001,57.116001,57.116001,24248000
1052,2019-03-11,57.2225,58.809502,57.2225,58.787998,58.787998,34384000
1053,2019-03-12,58.912998,60.0,58.912998,59.66,59.66,40262000
1054,2019-03-13,60.032249,60.046501,59.597,59.666,59.666,28718000
1055,2019-03-14,59.725498,59.894001,59.223999,59.2775,59.2775,23456000
1056,2019-03-15,59.668999,59.828499,59.130501,59.223,59.223,49236000
1057,2019-03-18,59.165001,59.5,58.871052,59.213001,59.213001,25852000
1058,2019-03-19,59.440498,60.0,59.293499,59.942501,59.942501,30414000
1059,2019-03-20,59.8675,61.356998,59.808498,61.198502,61.198502,44548000
1060,2019-03-21,60.799999,61.5895,60.657501,61.577,61.577,24080000
1061,2019-03-22,61.316002,61.5,60.141251,60.275002,60.275002,34284000
1062,2019-03-25,59.8465,60.319901,59.352001,59.650002,59.650002,29936000
1063,2019-03-26,59.926498,60.141499,58.835999,59.230999,59.230999,38024000
1064,2019-03-27,59.275002,59.377949,57.968498,58.651001,58.651001,28004000
1065,2019-03-28,58.577,58.578251,57.97155,58.4245,58.4245,19234000
1066,2019-03-29,58.744999,58.949501,58.144001,58.665501,58.665501,25398000
1067,2019-04-01,59.205002,59.833,59.099998,59.7215,59.7215,25050000
1068,2019-04-02,59.765999,60.067501,59.2855,60.024502,60.024502,16558000
1069,2019-04-03,60.374001,60.814999,60.025002,60.296001,60.296001,20286000
1070,2019-04-04,60.297001,60.783501,60.206501,60.75,60.75,19000000
1071,2019-04-05,60.7495,60.811001,60.251499,60.357498,60.357498,18144000
1072,2019-04-08,60.394501,60.434502,59.993,60.192001,60.192001,17204000
1073,2019-04-09,59.799999,60.114498,59.653999,59.862499,59.862499,17528000
1074,2019-04-10,60.034,60.189251,59.821751,60.108002,60.108002,14492000
1075,2019-04-11,60.198002,60.397999,60.0065,60.230999,60.230999,14204000
1076,2019-04-12,60.5,60.9175,60.405499,60.893501,60.893501,18668000
1077,2019-04-15,60.900002,61.209999,60.455502,61.055,61.055,23748000
1078,2019-04-16,61.25,61.541,61.006001,61.356499,61.356499,17126000
1079,2019-04-17,61.650002,62.028,61.390999,61.817001,61.817001,24438000
1080,2019-04-18,61.959,62.099998,61.730499,61.818501,61.818501,26636000
1081,2019-04-22,61.7995,62.454498,61.415501,62.442001,62.442001,16146000
1082,2019-04-23,62.5345,63.450001,62.319,63.227501,63.227501,26398000
1083,2019-04-24,63.206001,63.400501,62.75,62.799999,62.799999,20376000
1084,2019-04-25,63.238499,63.370399,62.601501,63.172501,63.172501,22146000
1085,2019-04-26,63.450001,63.6535,63.015999,63.609001,63.609001,24828000
1086,2019-04-29,63.700001,64.463501,63.314751,64.378998,64.378998,49988000
1087,2019-04-30,59.25,59.640499,58.75,59.424,59.424,124140000
1088,2019-05-01,59.4025,59.4025,58.359001,58.403999,58.403999,52784000
1089,2019-05-02,58.388,58.709499,57.750099,58.130501,58.130501,38896000
1090,2019-05-03,58.682499,59.34,58.450001,59.27,59.27,39614000
1091,2019-05-06,58.313,59.5425,58.313,59.469501,59.469501,31278000
1092,2019-05-07,59.023499,59.521999,58.051998,58.705002,58.705002,31028000
1093,2019-05-08,58.600498,59.021198,58.286999,58.313499,58.313499,26186000
1094,2019-05-09,57.9515,58.483002,57.5425,58.118999,58.118999,23714000
1095,2019-05-10,58.179501,58.630001,57.125,58.213501,58.213501,26290000
1096,2019-05-13,57.098,57.396999,56.105499,56.601501,56.601501,37212000
1097,2019-05-14,56.8605,57.021,55.977501,56.021999,56.021999,36732000
1098,2019-05-15,55.893501,58.566502,55.833302,58.210499,58.210499,45786000
1099,2019-05-16,58.225498,59.408001,58.141998,58.949001,58.949001,30628000
1100,2019-05-17,58.4235,59.0075,58.0005,58.115002,58.115002,24172000
1101,2019-05-20,57.224998,57.339851,56.572151,56.942501,56.942501,27066000
1102,2019-05-21,57.4245,57.635399,56.896999,57.481499,57.481499,23196000
1103,2019-05-22,57.337502,57.925999,57.294498,57.570999,57.570999,18290000
1104,2019-05-23,57.025002,57.298649,56.461201,57.038502,57.038502,23978000
1105,2019-05-24,57.368,57.488251,56.583,56.6735,56.6735,22240000
1106,2019-05-28,56.700001,57.57935,56.655998,56.7075,56.7075,27300000
1107,2019-05-29,56.375999,56.455002,55.410999,55.823002,55.823002,30764000
1108,2019-05-30,55.777,56.156502,55.605999,55.897499,55.897499,19038000
1109,2019-05-31,55.064499,55.48,55.008999,55.181499,55.181499,30156000
1110,2019-06-03,53.275002,53.275002,51.25,51.811501,51.811501,102612000
1111,2019-06-04,52.145,52.802502,51.684502,52.6525,52.6525,56670000
1112,2019-06-05,52.577,52.677502,51.524502,52.111,52.111,43368000
1113,2019-06-06,52.2495,52.3745,51.685001,52.216999,52.216999,34064000
1114,2019-06-07,52.531502,53.546001,52.419998,53.301998,53.301998,36048000
1115,2019-06-10,53.648998,54.632999,53.6161,54.019001,54.019001,29284000
1116,2019-06-11,54.699001,55.099499,53.88015,53.936001,53.936001,28734000
1117,2019-06-12,53.900002,54.046501,53.376999,53.851501,53.851501,21220000
1118,2019-06-13,54.181999,54.7085,54.0075,54.438499,54.438499,21154000
1119,2019-06-14,54.320999,54.634499,54.008598,54.267502,54.267502,22230000
1120,2019-06-17,54.313999,54.959,54.313999,54.625,54.625,18832000
1121,2019-06-18,55.484501,55.8195,54.949501,55.18,55.18,27734000
1122,2019-06-19,55.279999,55.349998,54.674,55.116501,55.116501,26776000
1123,2019-06-20,55.9995,56.006001,55.237,55.570999,55.570999,25240000
1124,2019-06-21,55.462002,56.205502,55.403999,56.094002,56.094002,38952000
1125,2019-06-24,55.980499,56.099998,55.550499,55.776001,55.776001,27912000
1126,2019-06-25,55.632999,55.717499,54.189999,54.317501,54.317501,30938000
1127,2019-06-26,54.325001,54.648499,53.612,53.990002,53.990002,36218000
1128,2019-06-27,54.200001,54.355,53.7645,53.800499,53.800499,20086000
1129,2019-06-28,53.8195,54.049999,53.668499,54.045502,54.045502,33864000
1130,2019-07-01,54.900002,55.379002,54.68515,54.897499,54.897499,28726000
1131,2019-07-02,55.112,55.588501,54.908501,55.5625,55.5625,19832000
1132,2019-07-03,55.870499,56.338001,55.693001,56.078999,56.078999,15340000
1133,2019-07-05,55.889999,56.644001,55.806999,56.579498,56.579498,25286000
1134,2019-07-08,56.258499,56.299,55.560501,55.817501,55.817501,24728000
1135,2019-07-09,55.59,56.401249,55.358501,56.241501,56.241501,26608000
1136,2019-07-10,56.561001,57.102501,56.5485,57.023998,57.023998,24190000
1137,2019-07-11,57.162498,57.6535,56.979,57.210499,57.210499,23910000
1138,2019-07-12,57.199501,57.367001,56.938999,57.244999,57.244999,17280000
1139,2019-07-15,57.342999,57.541,56.970001,57.516998,57.516998,18076000
1140,2019-07-16,57.299999,57.929001,57.25,57.679001,57.679001,24776000
1141,2019-07-17,57.5485,57.917999,57.288502,57.317501,57.317501,23400000
1142,2019-07-18,57.087002,57.380249,56.636501,57.316502,57.316502,25814000
1143,2019-07-19,57.4095,57.556999,56.480999,56.505001,56.505001,32944000
1144,2019-07-22,56.672501,56.962502,56.212002,56.9035,56.9035,26030000
1145,2019-07-23,57.200001,57.345001,56.59,57.310501,57.310501,21874000
1146,2019-07-24,56.595001,57.200001,56.349499,56.890499,56.890499,31796000
1147,2019-07-25,56.890999,57.084999,56.046001,56.605999,56.605999,44196000
1148,2019-07-26,61.202,63.2775,61.200001,62.5205,62.5205,96116000
1149,2019-07-29,62.052502,62.3685,61.411499,61.970501,61.970501,44474000
1150,2019-07-30,61.2705,61.7435,61.165001,61.257,61.257,29066000
1151,2019-07-31,61.150002,61.700001,60.388199,60.834,60.834,34510000
1152,2019-08-01,60.7015,61.705502,60.285999,60.4505,60.4505,33970000
1153,2019-08-02,60.036999,60.345001,59.446999,59.699501,59.699501,32902000
1154,2019-08-05,58.501999,58.762001,57.007,57.616001,57.616001,51950000
1155,2019-08-06,58.165501,58.998001,58.0,58.497501,58.497501,34188000
1156,2019-08-07,57.799999,58.922249,57.481201,58.699501,58.699501,28886000
1157,2019-08-08,59.141499,60.2505,58.651001,60.240002,60.240002,29360000
1158,2019-08-09,59.899502,60.194,59.180149,59.400501,59.400501,21314000
1159,2019-08-12,58.960499,59.248001,58.383598,58.7355,58.7355,20060000
1160,2019-08-13,58.573002,60.238998,58.573002,59.863499,59.863499,25888000
1161,2019-08-14,58.815498,59.115002,58.027,58.2145,58.2145,31574000
1162,2019-08-15,58.174999,58.792,58.105499,58.362999,58.362999,24374000
1163,2019-08-16,58.977501,59.136002,58.5905,58.880001,58.880001,26266000
1164,2019-08-19,59.504501,60.349499,59.504501,59.922501,59.922501,24632000
1165,2019-08-20,59.762501,59.803001,59.105499,59.134499,59.134499,18310000
1166,2019-08-21,59.657501,59.950001,59.371498,59.5625,59.5625,14814000
1167,2019-08-22,59.703499,59.9006,58.929001,59.476501,59.476501,18950000
1168,2019-08-23,59.099499,59.703999,57.387501,57.564499,57.564499,33740000
1169,2019-08-26,57.862999,58.473499,57.647999,58.4445,58.4445,24522000
1170,2019-08-27,59.026501,59.119999,58.072498,58.391998,58.391998,21544000
1171,2019-08-28,58.085499,58.820999,57.865002,58.550999,58.550999,16040000
1172,2019-08-29,59.056,59.803001,59.056,59.642502,59.642502,21768000
1173,2019-08-30,59.924999,59.924999,59.190151,59.404999,59.404999,22596000
1174,2019-09-03,58.851501,59.344501,58.16,58.419498,58.419498,29598000
1175,2019-09-04,58.835499,59.174,58.549999,59.070499,59.070499,21378000
1176,2019-09-05,59.5765,60.652,59.5765,60.569,60.569,28162000
1177,2019-09-06,60.406502,60.60075,60.126099,60.246498,60.246498,21442000
1178,2019-09-09,60.200001,61.0,59.631001,60.220501,60.220501,29438000
1179,2019-09-10,59.7575,60.5,59.729,60.299999,60.299999,25202000
1180,2019-09-11,60.170502,61.130001,60.110001,61.008499,61.008499,26140000
1181,2019-09-12,61.215,62.092999,61.151001,61.712502,61.712502,34518000
1182,2019-09-13,61.567501,62.043999,61.350498,61.978001,61.978001,26028000
1183,2019-09-16,61.476002,61.978001,61.280499,61.564999,61.564999,21066000
1184,2019-09-17,61.52,61.75,61.184502,61.4575,61.4575,19102000
1185,2019-09-18,61.3755,61.780499,60.8265,61.620499,61.620499,22702000
1186,2019-09-19,61.603001,62.222,61.601002,61.935501,61.935501,19920000
1187,2019-09-20,61.655998,62.166,61.153999,61.496498,61.496498,45400000
1188,2019-09-23,61.299999,61.954498,61.2085,61.7015,61.7015,21248000
1189,2019-09-24,62.0,62.337002,60.534,60.938,60.938,31664000
1190,2019-09-25,60.791,62.415001,60.504501,62.326,62.326,29060000
1191,2019-09-26,62.098,62.25,61.6134,62.0695,62.0695,30760000
1192,2019-09-27,62.150501,62.201,60.7225,61.254501,61.254501,27078000
1193,2019-09-30,61.0485,61.299999,60.615002,60.950001,60.950001,28082000
1194,2019-10-01,60.950001,61.561501,60.179001,60.255001,60.255001,25470000
1195,2019-10-02,59.848999,59.848999,58.564499,58.831501,58.831501,32302000
1196,2019-10-03,59.0,59.452999,58.121498,59.391499,59.391499,32424000
1197,2019-10-04,59.594501,60.571999,59.4585,60.450001,60.450001,23248000
1198,2019-10-07,60.220001,60.910198,60.1875,60.383999,60.383999,16858000
1199,2019-10-08,59.879501,60.304001,59.4505,59.456501,59.456501,20786000
1200,2019-10-09,59.967499,60.4175,59.8815,60.115501,60.115501,17354000
1201,2019-10-10,59.929001,60.75,59.867001,60.433498,60.433498,16932000
1202,2019-10-11,61.1105,61.419498,60.687,60.772499,60.772499,25454000
1203,2019-10-14,60.617001,61.316502,60.588001,60.856998,60.856998,17350000
1204,2019-10-15,61.02,62.366501,61.02,62.150501,62.150501,27634000
1205,2019-10-16,62.058498,62.737,61.922501,62.181999,62.181999,21892000
1206,2019-10-17,62.546501,63.166248,62.497002,62.6535,62.6535,19048000
1207,2019-10-18,62.673,62.9445,62.054001,62.274502,62.274502,27056000
1208,2019-10-21,62.612999,62.731449,62.029999,62.307499,62.307499,20544000
1209,2019-10-22,62.392502,62.529999,62.069,62.139999,62.139999,20476000
1210,2019-10-23,62.118,62.994499,62.118,62.956501,62.956501,18230000
1211,2019-10-24,63.044998,63.200001,62.685749,63.0495,63.0495,20562000
1212,2019-10-25,62.551498,63.48,62.5005,63.2565,63.2565,24262000
1213,2019-10-28,63.772499,64.9655,63.626999,64.5,64.5,52264000
1214,2019-10-29,63.811501,64.079498,62.8606,63.131001,63.131001,37728000
1215,2019-10-30,62.648499,63.467999,62.599998,63.064499,63.064499,28178000
1216,2019-10-31,63.063999,63.383499,62.542149,63.005501,63.005501,29114000
1217,2019-11-01,63.25,63.730999,63.025002,63.687,63.687,33402000
1218,2019-11-04,63.822498,64.706497,63.817749,64.568497,64.568497,30020000
1219,2019-11-05,64.644501,64.946503,64.561447,64.601501,64.601501,25654000
1220,2019-11-06,64.473,64.686501,64.125,64.589996,64.589996,23060000
1221,2019-11-07,64.713997,66.186996,64.71225,65.443001,65.443001,40600000
1222,2019-11-08,65.264,65.900002,65.218246,65.568497,65.568497,25028000
1223,2019-11-11,65.158997,65.321251,64.870499,64.959503,64.959503,20238000
1224,2019-11-12,65.0,65.5,64.788498,64.940002,64.940002,21718000
1225,2019-11-13,64.703499,65.214996,64.675499,64.900002,64.900002,16534000
1226,2019-11-14,64.875,65.849998,64.782501,65.572998,65.572998,23870000
1227,2019-11-15,65.946999,66.744003,65.713997,66.7435,66.7435,35652000
1228,2019-11-18,66.611,66.776451,65.875,66.035004,66.035004,29748000
1229,2019-11-19,66.385002,66.385002,65.639999,65.773003,65.773003,25384000
1230,2019-11-20,65.586998,65.75,64.557503,65.152496,65.152496,26172000
1231,2019-11-21,65.073997,65.629501,64.650002,65.067497,65.067497,19910000
1232,2019-11-22,65.280998,65.436501,64.570503,64.766998,64.766998,27714000
1233,2019-11-25,64.959,65.565498,64.906502,65.334503,65.334503,20724000
1234,2019-11-26,65.492996,65.739998,65.254501,65.677498,65.677498,21394000
1235,2019-11-27,65.75,65.917999,65.481499,65.649498,65.649498,19912000
1236,2019-11-29,65.356003,65.510246,65.198502,65.248001,65.248001,11740000
1237,2019-12-02,65.050003,65.291496,64.050003,64.496002,64.496002,30218000
1238,2019-12-03,63.9785,64.92305,63.950001,64.764,64.764,22876000
1239,2019-12-04,65.350502,66.290001,65.2435,66.027,66.027,30750000
1240,2019-12-05,66.400002,66.467903,65.821999,66.406502,66.406502,24254000
1241,2019-12-06,66.671997,67.199997,66.671997,67.030998,67.030998,26296000
1242,2019-12-09,66.902,67.972504,66.891998,67.178001,67.178001,27086000
1243,2019-12-10,67.074997,67.498749,66.802002,67.233002,67.233002,21882000
1244,2019-12-11,67.542,67.559998,67.133499,67.250999,67.250999,17008000
1245,2019-12-12,67.296997,67.78875,67.025002,67.513496,67.513496,25620000
1246,2019-12-13,67.397499,67.654648,67.193497,67.391502,67.391502,30992000
1247,2019-12-16,67.824997,68.234001,67.633499,68.058502,68.058502,27946000
1248,2019-12-17,68.144501,68.25,67.566147,67.755997,67.755997,37080000
1249,2019-12-18,67.830002,68.023499,67.550003,67.630997,67.630997,30452000
1250,2019-12-19,67.591003,67.904999,67.449249,67.802002,67.802002,29398000
1251,2019-12-20,68.167503,68.181999,67.449997,67.4795,67.4795,66300000
1252,2019-12-23,67.793503,67.989998,67.3255,67.442001,67.442001,17662000
1253,2019-12-24,67.425003,67.513,67.139,67.178001,67.178001,6950000
1254,2019-12-26,67.308502,68.066353,67.223503,68.019997,68.019997,13350000
1255,2019-12-27,68.149498,68.226501,67.4655,67.594498,67.594498,20768000
1256,2019-12-30,67.5,67.650002,66.700996,66.806999,66.806999,21018000
1257,2019-12-31,66.505501,66.900002,66.454247,66.850998,66.850998,19236000
1258,2020-01-02,67.077499,68.406998,67.077499,68.3685,68.3685,28132000
1259,2020-01-03,67.392998,68.625,67.277199,68.032997,68.032997,23728000
1260,2020-01-06,67.5,69.824997,67.5,69.710503,69.710503,34646000
1261,2020-01-07,69.897003,70.149498,69.518997,69.667,69.667,30054000
1262,2020-01-08,69.603996,70.579002,69.542,70.216003,70.216003,30560000
1263,2020-01-09,71.028503,71.366501,70.513496,70.991501,70.991501,30018000
1264,2020-01-10,71.377998,71.746452,70.917503,71.486504,71.486504,36414000
1265,2020-01-13,71.806503,72.026001,71.301003,71.961502,71.961502,33046000
1266,2020-01-14,71.9505,72.089996,71.418503,71.543999,71.543999,31178000
1267,2020-01-15,71.510498,72.069748,71.510498,71.959999,71.959999,25654000
1268,2020-01-16,72.372002,72.599503,72.045998,72.584999,72.584999,23474000
1269,2020-01-17,73.1455,74.064751,72.911003,74.019501,74.019501,47924000
1270,2020-01-21,73.956001,74.592499,73.559998,74.220001,74.220001,40734000
1271,2020-01-22,74.550003,75.160698,74.246498,74.297501,74.297501,32216000
1272,2020-01-23,74.382004,74.776001,74.105003,74.332497,74.332497,27024000
1273,2020-01-24,74.679497,74.77475,73.262497,73.335503,73.335503,35692000
1274,2020-01-27,71.550003,71.903503,71.059998,71.695,71.695,35104000
1275,2020-01-28,72.150002,72.800003,71.623497,72.627998,72.627998,31548000
1276,2020-01-29,72.940002,73.2715,72.336998,72.931503,72.931503,21554000
1277,2020-01-30,71.998001,72.863998,71.82,72.792,72.792,26788000
1278,2020-01-31,73.445,73.5065,71.426498,71.711502,71.711502,48344000
1279,2020-02-03,73.099998,74.5,72.949501,74.296997,74.296997,60736000
1280,2020-02-04,72.8535,73.474998,71.315002,72.3535,72.3535,78660000
1281,2020-02-05,73.121002,73.192001,71.528,72.411499,72.411499,39724000
1282,2020-02-06,72.516502,74.099998,72.4785,73.811501,73.811501,33588000
1283,2020-02-07,73.364998,74.292,73.317497,73.961502,73.961502,23446000
1284,2020-02-10,73.716003,75.474998,73.716003,75.433998,75.433998,28398000
1285,2020-02-11,75.5905,76.481499,75.281898,75.439499,75.439499,26892000
1286,2020-02-12,75.723999,76.034752,75.405502,75.913498,75.913498,23352000
1287,2020-02-13,75.634499,76.359001,75.230003,75.733002,75.733002,18590000
1288,2020-02-14,75.779999,76.037003,75.366997,76.037003,76.037003,23956000
1289,2020-02-18,75.75,76.581497,75.629501,75.983498,75.983498,22414000
1290,2020-02-19,76.253502,76.605301,76.07,76.334503,76.334503,18986000
1291,2020-02-20,76.099998,76.482002,75.341003,75.907501,75.907501,21932000
1292,2020-02-21,75.401497,75.610748,74.022003,74.255501,74.255501,34634000
1293,2020-02-24,71.305496,71.848503,70.569504,71.079498,71.079498,57342000
1294,2020-02-25,71.650002,71.906998,69.120003,69.422501,69.422501,49566000
1295,2020-02-26,69.806999,70.785004,68.949997,69.658997,69.658997,44048000
1296,2020-02-27,68.102997,68.585197,65.858498,65.904503,65.904503,59566000
1297,2020-02-28,63.875,67.056999,63.549999,66.966499,66.966499,75782000
1298,2020-03-02,67.580498,69.543503,66.340752,69.455498,69.455498,48630000
1299,2020-03-03,69.971001,70.5075,66.599998,67.069504,67.069504,48046000
1300,2020-03-04,67.961502,69.404503,67.155502,69.325996,69.325996,38266000
1301,2020-03-05,67.510002,67.945503,65.254997,65.952003,65.952003,51226000
1302,2020-03-06,63.853001,65.310997,63.052502,64.920502,64.920502,53212000
1303,2020-03-09,60.264999,62.737999,60.0,60.778,60.778,67308000
1304,2020-03-10,63.0,64.057503,60.938499,64.019501,64.019501,52228000
1305,2020-03-11,62.485001,63.048,59.803501,60.7705,60.7705,52170000
1306,2020-03-12,56.299999,59.693501,55.665001,55.745499,55.745499,84534000
1307,2020-03-13,58.950001,60.987999,55.857151,60.9865,60.9865,74002000
1308,2020-03-16,54.799999,57.61335,53.722,54.216499,54.216499,85048000
1309,2020-03-17,54.655499,56.542999,52.800499,55.990002,55.990002,77230000
1310,2020-03-18,52.8255,55.325001,51.863998,54.84,54.84,84668000
1311,2020-03-19,54.6525,57.898499,53.005402,55.7645,55.7645,73022000
1312,2020-03-20,56.785999,57.199501,53.274502,53.616001,53.616001,72036000
1313,2020-03-23,53.066002,53.566002,50.6768,52.831001,52.831001,80882000
1314,2020-03-24,55.188499,56.75,54.530998,56.723,56.723,66890000
1315,2020-03-25,56.323502,57.445,54.300499,55.1245,55.1245,81630000
1316,2020-03-26,55.59,58.498501,54.676498,58.087502,58.087502,71434000
1317,2020-03-27,56.283501,57.533501,55.295502,55.5355,55.5355,64170000
1318,2020-03-30,56.251999,57.581501,54.824001,57.341,57.341,51482000
1319,2020-03-31,57.365002,58.765499,56.907001,58.140499,58.140499,49728000
1320,2020-04-01,56.099998,56.484501,54.872501,55.280998,55.280998,46884000
1321,2020-04-02,54.912998,56.342999,54.82,56.042,56.042,39298000
1322,2020-04-03,55.950748,56.176998,53.990501,54.894001,54.894001,46268000
1323,2020-04-06,56.900002,59.733002,56.547001,59.346001,59.346001,53294000
1324,2020-04-07,61.049999,61.25,59.1115,59.3255,59.3255,47746000
1325,2020-04-08,60.325001,60.953499,59.408001,60.514,60.514,39502000
1326,2020-04-09,61.203999,61.2785,59.83675,60.572498,60.572498,43508000
1327,2020-04-13,60.459,61.025501,59.379902,60.877998,60.877998,34796000
1328,2020-04-14,62.254501,64.1035,61.8465,63.461498,63.461498,49408000
1329,2020-04-15,62.280499,64.023003,62.02,63.123501,63.123501,33434000
1330,2020-04-16,63.705002,63.950001,62.131001,63.1735,63.1735,50362000
1331,2020-04-17,64.2425,64.721497,63.561501,64.162498,64.162498,38980000
1332,2020-04-20,63.549999,64.080002,63.068501,63.330502,63.330502,33910000
1333,2020-04-21,62.349998,62.713501,60.4855,60.817001,60.817001,43060000
1334,2020-04-22,62.277,64.280647,62.099998,63.1605,63.1605,41848000
1335,2020-04-23,63.577499,64.665497,63.283501,63.815498,63.815498,31324000
1336,2020-04-24,63.058498,64.019997,62.4725,63.9655,63.9655,32792000
1337,2020-04-27,64.800003,64.807503,63.450001,63.793999,63.793999,32012000
1338,2020-04-28,64.3965,64.402496,61.610001,61.683498,61.683498,59026000
1339,2020-04-29,67.072998,67.999496,66.266998,67.073997,67.073997,75872000
1340,2020-04-30,66.244003,67.640999,66.124496,67.432999,67.432999,53378000
1341,2020-05-01,66.425003,67.6035,65.550003,66.030502,66.030502,41450000
1342,2020-05-04,65.411499,66.383003,64.949997,66.339996,66.339996,30080000
1343,2020-05-05,66.896004,68.696999,66.873001,67.555496,67.555496,33030000
1344,2020-05-06,68.084503,68.556,67.364502,67.364998,67.364998,24308000
1345,2020-05-07,68.296997,68.879997,67.763496,68.627998,68.627998,27952000
1346,2020-05-08,69.156502,69.938004,68.774002,69.418503,69.418503,27738000
1347,2020-05-11,68.914001,70.8265,68.857597,70.163002,70.163002,28242000
1348,2020-05-12,70.356003,70.75,68.738503,68.787003,68.787003,27812000
1349,2020-05-13,68.852501,69.274101,66.419998,67.466499,67.466499,36252000
1350,2020-05-14,66.750999,67.871002,66.195503,67.806503,67.806503,32062000
1351,2020-05-15,67.5,68.723999,66.949997,68.6595,68.6595,34154000
1352,2020-05-18,68.087502,69.616249,67.712502,69.196999,69.196999,36448000
1353,2020-05-19,69.349854,69.599998,68.674248,68.674248,68.674248,25612000
1354,2020-05-20,69.478996,70.521004,69.362503,70.335999,70.335999,33108000
1355,2020-05-21,70.400002,70.774498,69.672501,70.139999,70.139999,27700000
1356,2020-05-22,69.835503,70.638,69.591499,70.521004,70.521004,26188000
1357,2020-05-26,71.863503,72.050003,70.606499,70.850998,70.850998,41212000
1358,2020-05-27,70.862503,71.086998,69.564499,70.891998,70.891998,33716000
1359,2020-05-28,69.843002,72.042,69.800003,70.836502,70.836502,33844000
1360,2020-05-29,70.847,71.628502,70.667503,71.445999,71.445999,36418000
1361,2020-06-01,70.919502,71.898003,70.900002,71.591003,71.591003,24342000
1362,2020-06-02,71.527496,71.980499,70.941498,71.960999,71.960999,25562000
1363,2020-06-03,71.915001,72.327599,71.488853,71.819,71.819,25124000
1364,2020-06-04,71.519997,71.947998,70.236504,70.609001,70.609001,29686000
1365,2020-06-05,70.658501,72.252502,70.300003,71.919502,71.919502,34698000
1366,2020-06-08,71.116997,72.399498,71.116997,72.330498,72.330498,28084000
1367,2020-06-09,72.267998,73.400002,72.1605,72.807999,72.807999,28184000
1368,2020-06-10,72.976997,73.712952,72.813499,73.292503,73.292503,30504000
1369,2020-06-11,72.124001,72.723747,70.099998,70.192001,70.192001,39826000
1370,2020-06-12,71.4245,71.849998,69.301003,70.658997,70.658997,38928000
1371,2020-06-15,69.540001,71.239998,69.396004,70.9925,70.9925,30078000
1372,2020-06-16,72.261002,72.750999,71.294998,72.136002,72.136002,34184000
1373,2020-06-17,72.358002,73.0,71.569,72.556,72.556,30992000
1374,2020-06-18,72.458,72.570503,71.350502,71.797997,71.797997,31638000
1375,2020-06-19,72.199997,72.389999,71.067497,71.585999,71.585999,63158000
1376,2020-06-22,71.449997,72.637497,71.1605,72.593002,72.593002,30848000
1377,2020-06-23,72.781998,73.79705,72.262001,73.220497,73.220497,28596000
1378,2020-06-24,73.0755,73.771004,71.487503,71.598503,71.598503,35120000
1379,2020-06-25,71.495003,72.144997,71.0,72.066498,72.066498,24610000
1380,2020-06-26,71.569504,71.672501,67.599503,67.995003,67.995003,85354000
1381,2020-06-29,67.908997,69.779999,67.350502,69.748497,69.748497,36204000
1382,2020-06-30,69.522003,70.932503,69.197998,70.680496,70.680496,40848000
